-- phpMyAdmin SQL Dump
-- version 4.8.5
-- https://www.phpmyadmin.net/
--
-- Anamakine: 127.0.0.1
-- Üretim Zamanı: 15 Ağu 2019, 16:55:05
-- Sunucu sürümü: 10.1.40-MariaDB
-- PHP Sürümü: 7.3.5

SET SQL_MODE = "NO_AUTO_VALUE_ON_ZERO";
SET AUTOCOMMIT = 0;
START TRANSACTION;
SET time_zone = "+00:00";


/*!40101 SET @OLD_CHARACTER_SET_CLIENT=@@CHARACTER_SET_CLIENT */;
/*!40101 SET @OLD_CHARACTER_SET_RESULTS=@@CHARACTER_SET_RESULTS */;
/*!40101 SET @OLD_COLLATION_CONNECTION=@@COLLATION_CONNECTION */;
/*!40101 SET NAMES utf8mb4 */;

--
-- Veritabanı: `sisdata`
--

-- --------------------------------------------------------

--
-- Tablo için tablo yapısı `classes`
--

CREATE TABLE `classes` (
  `CLASSES_ID` int(11) NOT NULL,
  `USER_ID` int(11) NOT NULL,
  `COURSE_ID` int(11) NOT NULL,
  `VIZE_NOT` int(11) DEFAULT NULL,
  `FINAL_NOT` int(11) DEFAULT NULL,
  `GRADE` varchar(25) DEFAULT NULL
) ENGINE=InnoDB DEFAULT CHARSET=latin1;

--
-- Tablo döküm verisi `classes`
--

INSERT INTO `classes` (`CLASSES_ID`, `USER_ID`, `COURSE_ID`, `VIZE_NOT`, `FINAL_NOT`, `GRADE`) VALUES
(1, 9, 1, NULL, NULL, NULL),
(2, 9, 3, NULL, NULL, NULL),
(3, 9, 2, NULL, NULL, NULL),
(5, 24, 7, 100, 100, 'AA'),
(7, 3, 7, 80, 90, 'BA'),
(8, 6, 7, 40, 40, 'FF'),
(9, 7, 7, 59, 60, 'DD'),
(10, 4, 7, NULL, NULL, NULL),
(76, 23, 1, NULL, NULL, NULL),
(78, 23, 3, NULL, NULL, NULL),
(84, 1, 20, NULL, NULL, NULL),
(86, 1, 18, NULL, NULL, NULL),
(87, 1, 19, NULL, NULL, NULL),
(88, 23, 23, 80, 85, 'BB'),
(89, 23, 24, 100, 85, 'AA'),
(90, 23, 25, 70, 85, 'CB'),
(91, 23, 26, 75, 85, 'BB'),
(92, 24, 23, 90, 95, 'AA'),
(93, 24, 25, 90, 85, 'BA'),
(94, 24, 27, 45, 55, 'FF'),
(95, 24, 26, 90, 75, 'BB'),
(96, 24, 24, 75, 75, 'CB'),
(97, 25, 23, 65, 75, 'CC'),
(98, 25, 25, 75, 65, 'DC'),
(99, 25, 24, 90, 80, 'BB'),
(100, 25, 27, 70, 85, 'CB'),
(101, 25, 26, 80, 75, 'CB'),
(102, 27, 23, 50, 35, 'FF'),
(103, 27, 25, 45, 40, 'FF'),
(104, 27, 27, 90, 90, 'AA'),
(105, 27, 24, 65, 60, 'DD'),
(106, 27, 28, 90, 90, 'AA'),
(107, 27, 26, 96, 85, 'BA'),
(108, 28, 23, 80, 75, 'CB'),
(109, 28, 24, 70, 70, 'CC'),
(110, 28, 26, 75, 70, 'CC'),
(111, 28, 28, 85, 80, 'BB'),
(112, 28, 25, 35, NULL, 'FF'),
(113, 28, 27, 90, 85, 'BA'),
(114, 34, 23, NULL, NULL, NULL),
(115, 34, 24, NULL, NULL, NULL),
(116, 34, 27, 55, 45, 'FF'),
(117, 34, 26, NULL, NULL, NULL),
(118, 34, 25, NULL, NULL, NULL),
(119, 34, 28, NULL, NULL, NULL),
(120, 35, 23, NULL, NULL, NULL),
(121, 35, 24, NULL, NULL, NULL),
(122, 35, 28, NULL, NULL, NULL),
(123, 35, 26, NULL, NULL, NULL),
(124, 35, 27, NULL, NULL, NULL),
(125, 35, 25, NULL, NULL, NULL),
(126, 36, 29, NULL, NULL, NULL);

-- --------------------------------------------------------

--
-- Tablo için tablo yapısı `courses`
--

CREATE TABLE `courses` (
  `COURSE_ID` int(11) NOT NULL,
  `USER_ID` int(11) NOT NULL,
  `TERM_ID` int(11) NOT NULL,
  `COURSE_NAME` varchar(25) NOT NULL,
  `STATUS` int(11) NOT NULL,
  `CURRENT_SIZE` int(11) DEFAULT NULL,
  `MAX_SIZE` int(11) DEFAULT NULL
) ENGINE=InnoDB DEFAULT CHARSET=latin1;

--
-- Tablo döküm verisi `courses`
--

INSERT INTO `courses` (`COURSE_ID`, `USER_ID`, `TERM_ID`, `COURSE_NAME`, `STATUS`, `CURRENT_SIZE`, `MAX_SIZE`) VALUES
(1, 7, 1, 'BIL212', 0, 2, 50),
(2, 7, 1, 'BIL331', 0, 1, 50),
(3, 7, 1, 'BIL214', 0, 1, 50),
(4, 22, 1, 'BIL481', 0, 0, 50),
(5, 1, 11, 'BIL212', 0, 0, 51),
(6, 1, 11, 'testcourseaktif', 0, 0, 50),
(7, 7, 11, 'testteacherteacher', 0, 50, 50),
(8, 7, 11, 'testEmptyCourse', 0, 50, 50),
(14, 1, 11, 'deneme', 0, 2, 50),
(16, 1, 12, 'ders1', 0, 0, 50),
(17, 1, 12, 'ders2', 0, 0, 50),
(18, 1, 12, 'ders3', 0, 2, 50),
(19, 1, 12, 'test4', 0, 1, 1),
(20, 1, 12, 'testDers', 0, 1, 50),
(21, 1, 12, 'BIL841', 0, 0, 50),
(22, 22, 12, 'BIL481', 0, 0, 50),
(23, 36, 13, 'BIL481', 1, 7, 20),
(24, 36, 13, 'BIL361', 1, 7, 25),
(25, 37, 13, 'BIL395', 1, 7, 20),
(26, 37, 13, 'BIL331', 1, 7, 30),
(27, 22, 13, 'BIL141', 1, 6, 50),
(28, 26, 13, 'AIT201', 1, 4, 10),
(29, 36, 13, 'BIL113', 1, 1, 10),
(30, 22, 13, 'BIL511', 1, 0, 5);

-- --------------------------------------------------------

--
-- Tablo için tablo yapısı `logs`
--

CREATE TABLE `logs` (
  `LOG_ID` int(11) NOT NULL,
  `USER_ID` int(11) NOT NULL,
  `EVENT_CODE` int(11) NOT NULL,
  `DETAIL` text,
  `DATE` datetime DEFAULT NULL
) ENGINE=InnoDB DEFAULT CHARSET=latin1;

--
-- Tablo döküm verisi `logs`
--

INSERT INTO `logs` (`LOG_ID`, `USER_ID`, `EVENT_CODE`, `DETAIL`, `DATE`) VALUES
(1, 1, 1, 'succesfully logined', '2019-06-19 13:56:55'),
(2, 1, 1, 'succesfully logined', '2019-06-19 14:12:41'),
(3, 1, 1, 'succesfully logined', '2019-06-19 15:01:11'),
(4, 1, 1, 'succesfully logined', '2019-06-19 15:01:31'),
(5, 1, 1, 'succesfully logined', '2019-06-19 15:03:58'),
(6, 1, 1, 'succesfully logined', '2019-06-19 15:15:10'),
(7, 1, 1, 'succesfully logined', '2019-06-19 15:18:24'),
(8, 1, 4, '1', '2019-06-19 15:24:05'),
(9, 1, 1, 'succesfully logined', '2019-06-19 15:27:00'),
(10, 1, 4, 'password changed', '2019-06-19 15:27:22'),
(11, 1, 1, 'succesfully logined', '2019-06-19 15:27:53'),
(12, 1, 1, 'succesfully logined', '2019-06-19 15:30:38'),
(13, 1, 1, 'succesfully logined', '2019-06-19 15:38:26'),
(14, 1, 1, 'succesfully logined', '2019-06-19 15:41:03'),
(15, 1, 1, 'succesfully logined', '2019-06-19 15:43:31'),
(16, 1, 4, 'password changed', '2019-06-19 15:44:05'),
(17, 1, 4, 'password changed', '2019-06-19 16:12:15'),
(18, 1, 1, 'succesfully logined', '2019-06-19 16:12:22'),
(19, 1, 1, 'succesfully logined', '2019-06-19 16:52:58'),
(20, 1, 1, 'succesfully logined', '2019-06-19 16:52:58'),
(21, 1, 1, 'succesfully logined', '2019-06-19 16:58:47'),
(22, 1, 1, 'succesfully logined', '2019-06-20 09:09:37'),
(23, 1, 1, 'succesfully logined', '2019-06-20 14:14:18'),
(24, 1, 1, 'succesfully logined', '2019-06-20 15:24:27'),
(25, 1, 1, 'succesfully logined', '2019-06-20 16:35:26'),
(26, 1, 1, 'succesfully logined', '2019-06-20 17:27:29'),
(27, 1, 1, 'succesfully logined', '2019-06-20 18:12:26'),
(28, 1, 1, 'succesfully logined', '2019-06-21 09:52:17'),
(29, 1, 1, 'succesfully logined', '2019-06-21 10:36:11'),
(30, 1, 1, 'succesfully logined', '2019-06-21 10:36:11'),
(31, 1, 1, 'succesfully logined', '2019-06-21 10:36:36'),
(32, 1, 1, 'succesfully logined', '2019-06-21 10:37:03'),
(33, 1, 1, 'succesfully logined', '2019-06-21 10:37:42'),
(34, 1, 4, 'password changed', '2019-06-21 10:45:43'),
(35, 1, 1, 'succesfully logined', '2019-06-21 10:48:13'),
(36, 1, 1, 'succesfully logined', '2019-06-21 10:52:25'),
(37, 1, 1, 'succesfully logined', '2019-06-21 10:54:01'),
(38, 1, 1, 'succesfully logined', '2019-06-21 10:58:29'),
(39, 1, 1, 'succesfully logined', '2019-06-21 11:29:09'),
(40, 1, 1, 'succesfully logined', '2019-06-21 11:53:17'),
(41, 1, 1, 'succesfully logined', '2019-06-21 12:08:45'),
(42, 1, 1, 'succesfully logined', '2019-06-21 12:10:19'),
(43, 1, 1, 'succesfully logined', '2019-06-21 12:20:19'),
(44, 1, 1, 'succesfully logined', '2019-06-21 13:41:52'),
(45, 1, 1, 'succesfully logined', '2019-06-21 13:46:02'),
(46, 1, 1, 'succesfully logined', '2019-06-21 13:46:37'),
(47, 1, 1, 'succesfully logined', '2019-06-21 13:50:06'),
(48, 1, 1, 'succesfully logined', '2019-06-21 13:53:36'),
(49, 1, 1, 'succesfully logined', '2019-06-21 13:59:05'),
(50, 1, 1, 'succesfully logined', '2019-06-21 14:05:51'),
(51, 1, 1, 'succesfully logined', '2019-06-21 14:19:34'),
(52, 1, 1, 'succesfully logined', '2019-06-21 14:22:40'),
(53, 1, 1, 'succesfully logined', '2019-06-21 14:23:09'),
(54, 1, 1, 'succesfully logined', '2019-06-21 14:23:43'),
(55, 1, 1, 'succesfully logined', '2019-06-21 14:30:07'),
(56, 1, 1, 'succesfully logined', '2019-06-21 14:30:21'),
(57, 1, 1, 'succesfully logined', '2019-06-21 14:36:28'),
(58, 1, 1, 'succesfully logined', '2019-06-21 14:40:28'),
(59, 1, 1, 'succesfully logined', '2019-06-21 14:54:34'),
(60, 1, 1, 'succesfully logined', '2019-06-21 14:54:34'),
(61, 1, 1, 'succesfully logined', '2019-06-21 14:55:15'),
(62, 1, 1, 'succesfully logined', '2019-06-21 16:31:10'),
(63, 1, 1, 'succesfully logined', '2019-06-21 16:32:17'),
(64, 1, 1, 'succesfully logined', '2019-06-21 17:08:09'),
(65, 1, 1, 'succesfully logined', '2019-06-21 18:19:25'),
(66, 1, 1, 'succesfully logined', '2019-06-21 18:19:25'),
(67, 1, 1, 'succesfully logined', '2019-06-21 18:26:19'),
(68, 1, 1, 'succesfully logined', '2019-06-21 18:28:32'),
(69, 1, 1, 'succesfully logined', '2019-06-21 18:28:42'),
(70, 1, 1, 'succesfully logined', '2019-06-24 09:27:54'),
(71, 1, 1, 'succesfully logined', '2019-06-24 09:49:25'),
(72, 1, 1, 'succesfully logined', '2019-06-24 09:50:51'),
(73, 1, 1, 'succesfully logined', '2019-06-24 09:52:15'),
(74, 1, 1, 'succesfully logined', '2019-06-24 09:53:07'),
(75, 1, 1, 'succesfully logined', '2019-06-24 11:41:10'),
(76, 1, 1, 'succesfully logined', '2019-06-24 11:44:36'),
(77, 1, 1, 'succesfully logined', '2019-06-24 11:49:21'),
(78, 1, 1, 'succesfully logined', '2019-06-24 11:53:49'),
(79, 1, 1, 'succesfully logined', '2019-06-24 11:56:04'),
(80, 1, 1, 'succesfully logined', '2019-06-24 11:56:40'),
(81, 1, 1, 'succesfully logined', '2019-06-24 11:57:32'),
(82, 1, 1, 'succesfully logined', '2019-06-24 12:00:36'),
(83, 1, 1, 'succesfully logined', '2019-06-24 12:00:44'),
(84, 1, 1, 'succesfully logined', '2019-06-24 12:02:50'),
(85, 1, 1, 'succesfully logined', '2019-06-24 12:05:08'),
(86, 1, 1, 'succesfully logined', '2019-06-24 12:06:45'),
(87, 1, 1, 'succesfully logined', '2019-06-24 13:35:56'),
(88, 1, 1, 'succesfully logined', '2019-06-24 13:38:21'),
(89, 1, 1, 'succesfully logined', '2019-06-24 13:40:44'),
(90, 1, 1, 'succesfully logined', '2019-06-24 17:40:36'),
(91, 1, 4, 'password changed', '2019-06-24 17:50:31'),
(92, 2, 4, 'password changed', '2019-06-24 17:53:41'),
(93, 1, 1, 'succesfully logined', '2019-06-24 18:12:54'),
(94, 1, 1, 'succesfully logined', '2019-06-24 18:13:04'),
(95, 1, 4, 'password changed', '2019-06-24 18:14:31'),
(96, 1, 4, 'password changed', '2019-06-24 18:14:53'),
(97, 1, 1, 'succesfully logined', '2019-06-25 09:11:58'),
(98, 1, 1, 'succesfully logined', '2019-06-25 09:12:45'),
(99, 1, 1, 'succesfully logined', '2019-06-25 09:27:47'),
(100, 1, 1, 'succesfully logined', '2019-06-25 10:21:57'),
(101, 1, 1, 'succesfully logined', '2019-06-25 11:29:13'),
(102, 1, 1, 'succesfully logined', '2019-06-25 15:16:49'),
(103, 1, 1, 'succesfully logined', '2019-06-25 15:17:08'),
(104, 1, 1, 'succesfully logined', '2019-06-25 15:18:05'),
(105, 1, 1, 'succesfully logined', '2019-06-25 15:24:36'),
(106, 1, 1, 'succesfully logined', '2019-06-25 15:40:13'),
(107, 1, 1, 'succesfully logined', '2019-06-25 15:40:36'),
(108, 1, 1, 'succesfully logined', '2019-06-26 10:54:51'),
(109, 1, 1, 'succesfully logined', '2019-06-26 11:37:48'),
(110, 1, 1, 'succesfully logined', '2019-06-26 11:38:04'),
(111, 1, 1, 'succesfully logined', '2019-06-26 11:38:54'),
(112, 1, 1, 'succesfully logined', '2019-06-26 11:38:54'),
(113, 1, 1, 'succesfully logined', '2019-06-26 12:21:37'),
(114, 1, 1, 'succesfully logined', '2019-06-26 13:50:56'),
(115, 1, 1, 'succesfully logined', '2019-06-26 16:11:42'),
(116, 1, 1, 'succesfully logined', '2019-06-26 16:11:42'),
(117, 1, 1, 'succesfully logined', '2019-06-26 16:11:42'),
(118, 1, 1, 'succesfully logined', '2019-06-26 16:11:42'),
(119, 1, 1, 'succesfully logined', '2019-06-26 16:11:42'),
(120, 1, 1, 'succesfully logined', '2019-06-26 16:12:40'),
(121, 1, 1, 'succesfully logined', '2019-06-26 16:12:40'),
(122, 1, 1, 'succesfully logined', '2019-06-26 16:12:40'),
(123, 1, 1, 'succesfully logined', '2019-06-26 16:12:40'),
(124, 1, 1, 'succesfully logined', '2019-06-26 16:12:40'),
(125, 1, 1, 'succesfully logined', '2019-06-26 16:12:40'),
(126, 1, 1, 'succesfully logined', '2019-06-26 16:12:41'),
(127, 1, 1, 'succesfully logined', '2019-06-26 16:16:11'),
(128, 1, 1, 'succesfully logined', '2019-06-27 10:06:52'),
(129, 1, 1, 'succesfully logined', '2019-06-27 11:53:46'),
(130, 1, 1, 'succesfully logined', '2019-06-27 11:53:46'),
(131, 1, 1, 'succesfully logined', '2019-06-27 11:53:46'),
(132, 1, 1, 'succesfully logined', '2019-06-27 12:03:40'),
(133, 1, 1, 'succesfully logined', '2019-06-27 14:54:28'),
(134, 1, 1, 'succesfully logined', '2019-06-27 15:11:24'),
(135, 1, 1, 'succesfully logined', '2019-06-27 15:59:54'),
(136, 1, 1, 'succesfully logined', '2019-06-27 16:01:42'),
(137, 1, 1, 'succesfully logined', '2019-06-28 09:21:22'),
(138, 1, 1, 'succesfully logined', '2019-06-28 11:36:43'),
(139, 1, 1, 'succesfully logined', '2019-06-28 11:37:09'),
(140, 1, 1, 'succesfully logined', '2019-06-28 12:08:12'),
(141, 1, 1, 'succesfully logined', '2019-06-28 16:48:30'),
(142, 1, 1, 'succesfully logined', '2019-07-01 10:30:18'),
(143, 1, 1, 'succesfully logined', '2019-07-01 17:01:13'),
(144, 1, 1, 'succesfully logined', '2019-07-01 17:01:13'),
(145, 1, 1, 'succesfully logined', '2019-07-01 18:16:19'),
(146, 1, 1, 'succesfully logined', '2019-07-03 10:41:07'),
(147, 1, 1, 'succesfully logined', '2019-07-03 10:43:58'),
(148, 1, 1, 'succesfully logined', '2019-07-03 10:43:58'),
(149, 1, 1, 'succesfully logined', '2019-07-03 11:12:47'),
(150, 1, 1, 'succesfully logined', '2019-07-03 11:12:48'),
(151, 1, 1, 'succesfully logined', '2019-07-03 11:56:27'),
(152, 1, 1, 'succesfully logined', '2019-07-03 11:56:27'),
(153, 1, 1, 'succesfully logined', '2019-07-03 11:56:27'),
(154, 1, 1, 'succesfully logined', '2019-07-03 11:58:53'),
(155, 1, 1, 'succesfully logined', '2019-07-03 13:35:32'),
(156, 1, 1, 'succesfully logined', '2019-07-03 13:37:18'),
(157, 1, 1, 'succesfully logined', '2019-07-04 09:11:47'),
(158, 1, 1, 'succesfully logined', '2019-07-04 09:21:34'),
(159, 1, 1, 'succesfully logined', '2019-07-04 09:39:51'),
(160, 1, 1, 'succesfully logined', '2019-07-04 10:27:54'),
(161, 1, 1, 'succesfully logined', '2019-07-04 12:08:21'),
(162, 1, 1, 'succesfully logined', '2019-07-04 12:17:14'),
(163, 1, 1, 'succesfully logined', '2019-07-04 13:49:14'),
(164, 1, 1, 'succesfully logined', '2019-07-04 13:49:14'),
(165, 1, 1, 'succesfully logined', '2019-07-04 13:49:15'),
(166, 1, 1, 'succesfully logined', '2019-07-04 13:49:14'),
(167, 1, 1, 'succesfully logined', '2019-07-04 14:22:56'),
(168, 11, 4, 'password changed', '2019-07-04 14:25:08'),
(169, 11, 4, 'password changed', '2019-07-04 14:29:44'),
(170, 11, 4, 'password changed', '2019-07-04 14:31:58'),
(171, 9, 4, 'password changed', '2019-07-04 17:41:54'),
(172, 1, 1, 'succesfully logined', '2019-07-04 17:42:08'),
(173, 1, 1, 'succesfully logined', '2019-07-04 17:48:33'),
(174, 1, 1, 'succesfully logined', '2019-07-05 14:44:24'),
(175, 9, 4, 'password changed', '2019-07-05 14:57:49'),
(176, 1, 1, 'succesfully logined', '2019-07-05 15:38:38'),
(177, 1, 1, 'succesfully logined', '2019-07-05 15:40:36'),
(178, 1, 1, 'succesfully logined', '2019-07-05 15:45:48'),
(179, 1, 1, 'succesfully logined', '2019-07-05 15:46:38'),
(180, 1, 1, 'succesfully logined', '2019-07-05 15:48:18'),
(181, 1, 1, 'succesfully logined', '2019-07-05 15:48:45'),
(182, 1, 1, 'succesfully logined', '2019-07-05 16:01:50'),
(183, 1, 1, 'succesfully logined', '2019-07-05 16:35:10'),
(184, 1, 1, 'succesfully logined', '2019-07-05 16:43:30'),
(185, 1, 1, 'succesfully logined', '2019-07-05 16:51:04'),
(186, 1, 1, 'succesfully logined', '2019-07-05 16:57:50'),
(187, 1, 1, 'succesfully logined', '2019-07-05 17:04:46'),
(188, 1, 1, 'succesfully logined', '2019-07-05 17:23:18'),
(189, 1, 1, 'succesfully logined', '2019-07-05 17:28:03'),
(190, 1, 1, 'succesfully logined', '2019-07-05 17:31:37'),
(191, 1, 1, 'succesfully logined', '2019-07-08 10:08:37'),
(192, 1, 1, 'succesfully logined', '2019-07-08 10:22:39'),
(193, 1, 1, 'succesfully logined', '2019-07-08 10:30:34'),
(194, 1, 1, 'succesfully logined', '2019-07-08 13:38:46'),
(195, 1, 1, 'succesfully logined', '2019-07-08 14:53:36'),
(196, 1, 1, 'succesfully logined', '2019-07-08 14:59:42'),
(197, 1, 1, 'succesfully logined', '2019-07-08 15:17:53'),
(198, 1, 1, 'succesfully logined', '2019-07-08 15:26:56'),
(199, 1, 1, 'succesfully logined', '2019-07-08 15:28:05'),
(200, 1, 1, 'succesfully logined', '2019-07-08 15:28:06'),
(201, 1, 1, 'succesfully logined', '2019-07-08 15:31:45'),
(203, 1, 1, 'succesfully logined', '2019-07-08 15:33:17'),
(204, 1, 1, 'succesfully logined', '2019-07-08 15:34:03'),
(205, 1, 1, 'succesfully logined', '2019-07-08 15:38:14'),
(206, 1, 1, 'succesfully logined', '2019-07-08 15:43:50'),
(207, 1, 1, 'succesfully logined', '2019-07-08 18:15:24'),
(208, 1, 1, 'succesfully logined', '2019-07-09 09:12:49'),
(209, 1, 1, 'succesfully logined', '2019-07-09 09:18:16'),
(210, 1, 1, 'succesfully logined', '2019-07-09 09:19:48'),
(211, 1, 1, 'succesfully logined', '2019-07-09 09:20:37'),
(212, 1, 1, 'succesfully logined', '2019-07-09 09:21:58'),
(213, 1, 1, 'succesfully logined', '2019-07-09 09:24:12'),
(214, 1, 1, 'succesfully logined', '2019-07-09 09:24:59'),
(215, 1, 1, 'succesfully logined', '2019-07-09 09:49:59'),
(216, 1, 1, 'succesfully logined', '2019-07-09 09:52:22'),
(217, 1, 1, 'succesfully logined', '2019-07-09 09:53:39'),
(218, 1, 1, 'succesfully logined', '2019-07-09 09:55:18'),
(219, 1, 1, 'succesfully logined', '2019-07-09 10:11:18'),
(220, 1, 1, 'succesfully logined', '2019-07-09 10:26:08'),
(221, 1, 1, 'succesfully logined', '2019-07-09 10:32:26'),
(222, 1, 1, 'succesfully logined', '2019-07-09 10:34:53'),
(223, 1, 1, 'succesfully logined', '2019-07-09 10:46:55'),
(224, 1, 1, 'succesfully logined', '2019-07-09 10:55:58'),
(225, 1, 1, 'succesfully logined', '2019-07-09 11:36:37'),
(226, 1, 1, 'succesfully logined', '2019-07-09 11:43:02'),
(227, 1, 1, 'succesfully logined', '2019-07-09 11:45:04'),
(228, 1, 1, 'succesfully logined', '2019-07-09 11:59:20'),
(229, 1, 1, 'succesfully logined', '2019-07-09 11:59:20'),
(230, 1, 1, 'succesfully logined', '2019-07-09 12:28:33'),
(231, 1, 1, 'succesfully logined', '2019-07-09 13:38:37'),
(232, 1, 1, 'succesfully logined', '2019-07-09 13:38:38'),
(233, 1, 1, 'succesfully logined', '2019-07-09 13:38:38'),
(234, 1, 1, 'succesfully logined', '2019-07-09 13:48:38'),
(235, 1, 1, 'succesfully logined', '2019-07-09 13:50:49'),
(236, 1, 1, 'succesfully logined', '2019-07-09 14:02:03'),
(237, 1, 1, 'succesfully logined', '2019-07-09 14:03:42'),
(238, 1, 1, 'succesfully logined', '2019-07-09 14:05:40'),
(239, 1, 1, 'succesfully logined', '2019-07-09 15:15:21'),
(240, 1, 1, 'succesfully logined', '2019-07-09 15:36:25'),
(241, 1, 1, 'succesfully logined', '2019-07-09 16:19:10'),
(242, 1, 1, 'succesfully logined', '2019-07-09 16:22:53'),
(243, 1, 1, 'succesfully logined', '2019-07-09 17:06:45'),
(244, 1, 1, 'succesfully logined', '2019-07-09 17:09:28'),
(245, 1, 1, 'succesfully logined', '2019-07-09 17:21:22'),
(246, 1, 1, 'succesfully logined', '2019-07-09 17:33:22'),
(247, 1, 1, 'succesfully logined', '2019-07-09 17:36:07'),
(248, 1, 1, 'succesfully logined', '2019-07-09 18:01:34'),
(249, 1, 1, 'succesfully logined', '2019-07-10 09:56:48'),
(250, 1, 1, 'succesfully logined', '2019-07-10 10:08:01'),
(251, 1, 1, 'succesfully logined', '2019-07-10 10:10:04'),
(252, 1, 1, 'succesfully logined', '2019-07-10 10:18:38'),
(253, 1, 1, 'succesfully logined', '2019-07-10 10:33:25'),
(254, 1, 1, 'succesfully logined', '2019-07-10 10:40:57'),
(255, 1, 1, 'succesfully logined', '2019-07-10 10:43:23'),
(256, 1, 1, 'succesfully logined', '2019-07-10 10:45:05'),
(257, 1, 1, 'succesfully logined', '2019-07-10 10:58:58'),
(258, 1, 1, 'succesfully logined', '2019-07-10 11:16:36'),
(259, 1, 1, 'succesfully logined', '2019-07-10 11:18:22'),
(260, 1, 1, 'succesfully logined', '2019-07-10 11:45:39'),
(261, 1, 1, 'succesfully logined', '2019-07-10 12:01:27'),
(262, 1, 1, 'succesfully logined', '2019-07-10 12:11:39'),
(263, 1, 1, 'succesfully logined', '2019-07-10 12:13:21'),
(264, 1, 1, 'succesfully logined', '2019-07-10 12:14:50'),
(265, 1, 1, 'succesfully logined', '2019-07-10 12:20:05'),
(266, 1, 1, 'succesfully logined', '2019-07-10 13:40:48'),
(267, 1, 1, 'succesfully logined', '2019-07-10 14:09:13'),
(268, 1, 1, 'succesfully logined', '2019-07-10 14:27:05'),
(269, 1, 1, 'succesfully logined', '2019-07-10 14:43:30'),
(270, 1, 1, 'succesfully logined', '2019-07-10 14:48:03'),
(271, 1, 1, 'succesfully logined', '2019-07-10 14:55:57'),
(272, 1, 1, 'succesfully logined', '2019-07-10 15:16:46'),
(273, 1, 1, 'succesfully logined', '2019-07-10 16:12:15'),
(274, 1, 1, 'succesfully logined', '2019-07-10 16:14:47'),
(275, 1, 1, 'succesfully logined', '2019-07-10 16:38:01'),
(276, 1, 1, 'succesfully logined', '2019-07-10 16:49:55'),
(277, 1, 1, 'succesfully logined', '2019-07-10 16:56:10'),
(278, 1, 1, 'succesfully logined', '2019-07-10 17:09:06'),
(279, 1, 1, 'succesfully logined', '2019-07-10 17:23:06'),
(280, 1, 1, 'succesfully logined', '2019-07-10 17:28:46'),
(281, 1, 1, 'succesfully logined', '2019-07-10 17:51:23'),
(282, 1, 1, 'succesfully logined', '2019-07-10 17:54:59'),
(283, 1, 1, 'succesfully logined', '2019-07-10 18:03:21'),
(284, 1, 1, 'succesfully logined', '2019-07-10 18:07:13'),
(285, 1, 1, 'succesfully logined', '2019-07-10 18:17:42'),
(286, 1, 1, 'succesfully logined', '2019-07-11 09:02:07'),
(287, 1, 1, 'succesfully logined', '2019-07-11 09:25:52'),
(288, 1, 1, 'succesfully logined', '2019-07-11 09:32:47'),
(289, 1, 1, 'succesfully logined', '2019-07-11 09:40:56'),
(290, 1, 1, 'succesfully logined', '2019-07-11 09:41:01'),
(291, 1, 1, 'succesfully logined', '2019-07-11 09:52:13'),
(292, 1, 1, 'succesfully logined', '2019-07-11 09:54:01'),
(293, 1, 1, 'succesfully logined', '2019-07-11 09:55:58'),
(294, 1, 1, 'succesfully logined', '2019-07-11 09:57:11'),
(295, 1, 1, 'succesfully logined', '2019-07-11 09:57:47'),
(296, 1, 1, 'succesfully logined', '2019-07-11 09:58:46'),
(297, 1, 1, 'succesfully logined', '2019-07-11 09:59:40'),
(298, 1, 1, 'succesfully logined', '2019-07-11 10:03:20'),
(299, 1, 1, 'succesfully logined', '2019-07-11 10:06:02'),
(300, 1, 1, 'succesfully logined', '2019-07-11 10:06:56'),
(301, 1, 1, 'succesfully logined', '2019-07-11 10:07:40'),
(302, 1, 1, 'succesfully logined', '2019-07-11 10:08:54'),
(303, 1, 1, 'succesfully logined', '2019-07-11 10:10:31'),
(304, 1, 1, 'succesfully logined', '2019-07-11 10:12:38'),
(305, 1, 1, 'succesfully logined', '2019-07-11 10:15:58'),
(306, 1, 1, 'succesfully logined', '2019-07-11 10:21:33'),
(307, 1, 1, 'succesfully logined', '2019-07-11 10:23:28'),
(308, 1, 1, 'succesfully logined', '2019-07-11 10:46:32'),
(309, 1, 1, 'succesfully logined', '2019-07-11 11:27:25'),
(310, 2, 1, 'succesfully logined', '2019-07-11 11:58:51'),
(311, 1, 1, 'succesfully logined', '2019-07-11 12:00:36'),
(312, 1, 1, 'succesfully logined', '2019-07-11 12:27:27'),
(313, 1, 1, 'succesfully logined', '2019-07-11 13:27:27'),
(314, 1, 1, 'succesfully logined', '2019-07-11 14:27:59'),
(315, 1, 1, 'succesfully logined', '2019-07-11 14:58:37'),
(316, 1, 1, 'succesfully logined', '2019-07-11 15:08:41'),
(317, 1, 1, 'succesfully logined', '2019-07-11 16:07:56'),
(318, 1, 1, 'succesfully logined', '2019-07-11 16:21:53'),
(319, 1, 1, 'succesfully logined', '2019-07-11 16:24:51'),
(320, 1, 1, 'succesfully logined', '2019-07-11 16:33:49'),
(321, 1, 1, 'succesfully logined', '2019-07-11 16:51:34'),
(322, 1, 1, 'succesfully logined', '2019-07-11 17:08:53'),
(323, 1, 1, 'succesfully logined', '2019-07-11 17:31:44'),
(324, 1, 1, 'succesfully logined', '2019-07-11 17:39:08'),
(325, 1, 1, 'succesfully logined', '2019-07-11 17:44:11'),
(326, 1, 1, 'succesfully logined', '2019-07-11 17:49:34'),
(327, 1, 1, 'succesfully logined', '2019-07-11 18:14:15'),
(328, 1, 1, 'succesfully logined', '2019-07-12 09:18:13'),
(329, 1, 1, 'succesfully logined', '2019-07-12 09:29:09'),
(330, 1, 1, 'succesfully logined', '2019-07-12 09:36:23'),
(331, 1, 1, 'succesfully logined', '2019-07-12 10:01:50'),
(332, 1, 1, 'succesfully logined', '2019-07-12 10:10:07'),
(333, 1, 1, 'succesfully logined', '2019-07-12 10:14:57'),
(334, 1, 1, 'succesfully logined', '2019-07-12 10:26:35'),
(335, 1, 1, 'succesfully logined', '2019-07-12 10:49:04'),
(336, 1, 1, 'succesfully logined', '2019-07-12 11:10:13'),
(337, 1, 1, 'succesfully logined', '2019-07-12 11:14:37'),
(338, 1, 1, 'succesfully logined', '2019-07-12 11:21:24'),
(339, 1, 1, 'succesfully logined', '2019-07-12 11:24:05'),
(340, 1, 1, 'succesfully logined', '2019-07-12 11:24:55'),
(341, 1, 1, 'succesfully logined', '2019-07-12 11:30:05'),
(342, 1, 1, 'succesfully logined', '2019-07-12 11:31:15'),
(343, 1, 1, 'succesfully logined', '2019-07-12 11:32:47'),
(344, 1, 1, 'succesfully logined', '2019-07-12 11:36:08'),
(345, 1, 1, 'succesfully logined', '2019-07-12 11:54:19'),
(346, 1, 1, 'succesfully logined', '2019-07-12 11:57:48'),
(347, 1, 1, 'succesfully logined', '2019-07-12 12:00:46'),
(348, 1, 1, 'succesfully logined', '2019-07-12 12:06:35'),
(349, 1, 1, 'succesfully logined', '2019-07-12 12:17:39'),
(350, 1, 1, 'succesfully logined', '2019-07-12 12:19:30'),
(351, 1, 1, 'succesfully logined', '2019-07-12 13:38:33'),
(352, 1, 1, 'succesfully logined', '2019-07-12 14:10:31'),
(353, 1, 1, 'succesfully logined', '2019-07-12 14:18:18'),
(354, 1, 1, 'succesfully logined', '2019-07-12 14:23:22'),
(355, 1, 1, 'succesfully logined', '2019-07-12 14:28:16'),
(356, 1, 1, 'succesfully logined', '2019-07-12 15:16:59'),
(357, 1, 1, 'succesfully logined', '2019-07-12 15:18:42'),
(358, 1, 1, 'succesfully logined', '2019-07-12 15:20:26'),
(359, 1, 1, 'succesfully logined', '2019-07-12 15:33:20'),
(360, 1, 1, 'succesfully logined', '2019-07-12 15:54:10'),
(361, 1, 1, 'succesfully logined', '2019-07-12 15:58:17'),
(362, 1, 1, 'succesfully logined', '2019-07-12 16:03:09'),
(363, 1, 1, 'succesfully logined', '2019-07-12 16:13:57'),
(364, 1, 1, 'succesfully logined', '2019-07-12 16:20:00'),
(365, 1, 1, 'succesfully logined', '2019-07-12 16:25:57'),
(366, 1, 1, 'succesfully logined', '2019-07-12 18:15:48'),
(367, 1, 1, 'succesfully logined', '2019-07-12 18:27:53'),
(368, 1, 1, 'succesfully logined', '2019-07-16 09:06:59'),
(369, 1, 1, 'succesfully logined', '2019-07-16 09:16:37'),
(370, 1, 1, 'succesfully logined', '2019-07-16 09:26:11'),
(371, 1, 1, 'succesfully logined', '2019-07-16 09:28:28'),
(372, 1, 1, 'succesfully logined', '2019-07-16 09:32:20'),
(373, 1, 1, 'succesfully logined', '2019-07-16 09:40:40'),
(374, 1, 1, 'succesfully logined', '2019-07-16 09:41:56'),
(375, 1, 1, 'succesfully logined', '2019-07-16 09:51:08'),
(376, 1, 1, 'succesfully logined', '2019-07-16 09:51:09'),
(377, 1, 1, 'succesfully logined', '2019-07-16 09:54:13'),
(378, 1, 1, 'succesfully logined', '2019-07-16 10:02:30'),
(379, 1, 1, 'succesfully logined', '2019-07-16 10:14:28'),
(380, 1, 1, 'succesfully logined', '2019-07-16 10:26:06'),
(381, 1, 1, 'succesfully logined', '2019-07-16 10:34:33'),
(382, 1, 1, 'succesfully logined', '2019-07-16 11:24:23'),
(383, 1, 1, 'succesfully logined', '2019-07-16 11:33:25'),
(384, 1, 1, 'succesfully logined', '2019-07-16 11:33:34'),
(385, 1, 1, 'succesfully logined', '2019-07-16 11:44:13'),
(386, 1, 1, 'succesfully logined', '2019-07-16 11:50:12'),
(387, 1, 1, 'succesfully logined', '2019-07-16 11:55:06'),
(388, 1, 1, 'succesfully logined', '2019-07-16 12:10:13'),
(389, 1, 1, 'succesfully logined', '2019-07-16 13:58:56'),
(390, 1, 1, 'succesfully logined', '2019-07-16 14:09:16'),
(391, 1, 1, 'succesfully logined', '2019-07-16 14:40:06'),
(392, 1, 1, 'succesfully logined', '2019-07-16 15:33:33'),
(393, 1, 1, 'succesfully logined', '2019-07-16 15:53:37'),
(394, 1, 1, 'succesfully logined', '2019-07-16 16:08:51'),
(397, 1, 1, 'succesfully logined', '2019-07-16 16:35:14'),
(401, 1, 1, 'succesfully logined', '2019-07-16 16:41:55'),
(404, 1, 1, 'succesfully logined', '2019-07-16 16:50:26'),
(405, 1, 1, 'succesfully logined', '2019-07-16 16:54:02'),
(406, 1, 1, 'succesfully logined', '2019-07-16 17:00:12'),
(407, 1, 1, 'succesfully logined', '2019-07-16 17:53:09'),
(408, 1, 1, 'succesfully logined', '2019-07-16 18:06:05'),
(409, 1, 1, 'succesfully logined', '2019-07-16 18:06:05'),
(410, 1, 1, 'succesfully logined', '2019-07-16 18:10:41'),
(413, 1, 1, 'succesfully logined', '2019-07-16 18:27:51'),
(414, 1, 1, 'succesfully logined', '2019-07-17 09:09:30'),
(415, 1, 1, 'succesfully logined', '2019-07-17 09:13:06'),
(416, 3, 5, 'user made passive', '2019-07-17 09:15:05'),
(417, 4, 5, 'user made passive', '2019-07-17 09:16:10'),
(419, 6, 5, 'user made passive', '2019-07-17 09:17:27'),
(423, 1, 1, 'succesfully logined', '2019-07-17 09:26:13'),
(424, 1, 1, 'succesfully logined', '2019-07-17 09:33:25'),
(425, 4, 5, 'user made passive', '2019-07-17 09:34:24'),
(428, 1, 1, 'succesfully logined', '2019-07-17 09:38:13'),
(433, 1, 1, 'succesfully logined', '2019-07-17 09:48:50'),
(435, 1, 1, 'succesfully logined', '2019-07-17 10:03:46'),
(436, 6, 6, 'user made active', '2019-07-17 10:04:00'),
(437, 3, 6, 'user made active', '2019-07-17 10:04:08'),
(438, 4, 6, 'user made active', '2019-07-17 10:04:10'),
(439, 4, 6, 'user made active', '2019-07-17 10:04:17'),
(441, 3, 5, 'user made passive', '2019-07-17 10:21:24'),
(442, 2, 5, 'user made passive', '2019-07-17 10:21:35'),
(443, 2, 6, 'user made active', '2019-07-17 10:21:39'),
(444, 3, 6, 'user made active', '2019-07-17 10:21:42'),
(445, 3, 5, 'user made passive', '2019-07-17 10:21:48'),
(446, 3, 6, 'user made active', '2019-07-17 10:21:53'),
(447, 1, 1, 'succesfully logined', '2019-07-17 10:23:12'),
(448, 1, 1, 'succesfully logined', '2019-07-17 10:26:28'),
(449, 1, 1, 'succesfully logined', '2019-07-17 10:29:10'),
(450, 1, 1, 'succesfully logined', '2019-07-17 10:33:32'),
(451, 1, 1, 'succesfully logined', '2019-07-17 11:09:13'),
(452, 1, 1, 'succesfully logined', '2019-07-17 15:31:26'),
(453, 1, 1, 'succesfully logined', '2019-07-17 15:33:46'),
(454, 1, 9, 'add drop started', '2019-07-17 15:34:00'),
(455, 1, 1, 'succesfully logined', '2019-07-17 15:47:22'),
(456, 1, 10, 'add drop ended', '2019-07-17 15:50:37'),
(457, 1, 9, 'add drop started', '2019-07-17 15:50:47'),
(458, 1, 10, 'add drop ended', '2019-07-17 15:52:32'),
(459, 1, 9, 'add drop started', '2019-07-17 15:52:32'),
(460, 1, 10, 'add drop ended', '2019-07-17 15:52:33'),
(461, 1, 9, 'add drop started', '2019-07-17 15:52:33'),
(462, 1, 10, 'add drop ended', '2019-07-17 15:52:34'),
(463, 1, 9, 'add drop started', '2019-07-17 15:52:34'),
(464, 1, 10, 'add drop ended', '2019-07-17 15:52:36'),
(465, 1, 9, 'add drop started', '2019-07-17 15:52:50'),
(466, 1, 1, 'succesfully logined', '2019-07-17 15:57:26'),
(467, 1, 10, 'add drop ended', '2019-07-17 15:57:39'),
(468, 1, 9, 'add drop started', '2019-07-17 15:57:40'),
(469, 1, 10, 'add drop ended', '2019-07-17 15:57:43'),
(470, 1, 9, 'add drop started', '2019-07-17 15:57:44'),
(471, 1, 10, 'add drop ended', '2019-07-17 15:57:45'),
(472, 1, 9, 'add drop started', '2019-07-17 15:57:50'),
(473, 1, 10, 'add drop ended', '2019-07-17 15:57:57'),
(474, 1, 1, 'succesfully logined', '2019-07-17 15:59:27'),
(475, 1, 1, 'succesfully logined', '2019-07-17 16:13:29'),
(476, 1, 1, 'succesfully logined', '2019-07-17 16:14:42'),
(477, 1, 1, 'succesfully logined', '2019-07-17 16:17:44'),
(478, 1, 9, 'add drop started', '2019-07-17 16:19:20'),
(479, 1, 10, 'add drop ended', '2019-07-17 16:19:58'),
(480, 1, 9, 'add drop started', '2019-07-17 16:20:06'),
(481, 1, 10, 'add drop ended', '2019-07-17 16:26:37'),
(482, 1, 9, 'add drop started', '2019-07-17 16:27:32'),
(483, 1, 10, 'add drop ended', '2019-07-17 16:27:35'),
(484, 1, 9, 'add drop started', '2019-07-17 16:27:37'),
(485, 1, 10, 'add drop ended', '2019-07-17 16:27:40'),
(486, 1, 9, 'add drop started', '2019-07-17 16:28:21'),
(487, 1, 1, 'succesfully logined', '2019-07-17 16:35:08'),
(488, 1, 10, 'add drop ended', '2019-07-17 16:35:18'),
(489, 1, 9, 'add drop started', '2019-07-17 16:35:19'),
(490, 1, 10, 'add drop ended', '2019-07-17 16:35:20'),
(491, 1, 9, 'add drop started', '2019-07-17 16:35:22'),
(492, 1, 10, 'add drop ended', '2019-07-17 16:35:22'),
(493, 1, 9, 'add drop started', '2019-07-17 16:35:23'),
(494, 1, 10, 'add drop ended', '2019-07-17 16:35:24'),
(495, 1, 9, 'add drop started', '2019-07-17 16:35:24'),
(496, 1, 10, 'add drop ended', '2019-07-17 16:35:24'),
(497, 1, 9, 'add drop started', '2019-07-17 16:35:25'),
(498, 1, 10, 'add drop ended', '2019-07-17 16:35:25'),
(499, 1, 1, 'succesfully logined', '2019-07-17 16:43:20'),
(500, 1, 9, 'add drop started', '2019-07-17 16:43:30'),
(501, 1, 10, 'add drop ended', '2019-07-17 16:46:58'),
(502, 1, 9, 'add drop started', '2019-07-17 16:46:59'),
(503, 1, 10, 'add drop ended', '2019-07-17 16:58:25'),
(504, 1, 9, 'add drop started', '2019-07-17 16:58:25'),
(505, 1, 10, 'add drop ended', '2019-07-17 16:58:26'),
(506, 1, 9, 'add drop started', '2019-07-17 16:58:26'),
(507, 1, 10, 'add drop ended', '2019-07-17 16:58:26'),
(508, 1, 9, 'add drop started', '2019-07-17 16:58:27'),
(509, 1, 10, 'add drop ended', '2019-07-17 16:58:27'),
(510, 1, 9, 'add drop started', '2019-07-17 16:58:27'),
(511, 1, 10, 'add drop ended', '2019-07-17 16:58:27'),
(512, 1, 9, 'add drop started', '2019-07-17 16:58:28'),
(513, 1, 10, 'add drop ended', '2019-07-17 16:58:28'),
(514, 1, 9, 'add drop started', '2019-07-17 16:58:28'),
(515, 1, 1, 'succesfully logined', '2019-07-17 17:47:29'),
(516, 1, 1, 'succesfully logined', '2019-07-17 17:55:12'),
(517, 1, 1, 'succesfully logined', '2019-07-17 17:58:34'),
(518, 1, 1, 'succesfully logined', '2019-07-17 18:05:48'),
(519, 1, 1, 'succesfully logined', '2019-07-18 09:16:50'),
(520, 1, 10, 'add drop ended', '2019-07-18 09:19:32'),
(521, 1, 1, 'succesfully logined', '2019-07-18 09:26:33'),
(522, 1, 1, 'succesfully logined', '2019-07-18 09:30:32'),
(523, 1, 1, 'succesfully logined', '2019-07-18 09:32:52'),
(524, 1, 1, 'succesfully logined', '2019-07-18 09:37:42'),
(525, 1, 1, 'succesfully logined', '2019-07-18 09:44:31'),
(526, 1, 1, 'succesfully logined', '2019-07-18 09:46:14'),
(527, 1, 9, 'add drop started', '2019-07-18 09:47:26'),
(528, 1, 10, 'add drop ended', '2019-07-18 09:47:28'),
(529, 1, 9, 'add drop started', '2019-07-18 09:47:28'),
(530, 1, 1, 'succesfully logined', '2019-07-18 09:48:54'),
(531, 1, 1, 'succesfully logined', '2019-07-18 10:00:05'),
(532, 1, 1, 'succesfully logined', '2019-07-18 10:21:57'),
(533, 1, 1, 'succesfully logined', '2019-07-18 10:22:59'),
(534, 1, 1, 'succesfully logined', '2019-07-18 10:24:50'),
(535, 1, 1, 'succesfully logined', '2019-07-18 10:27:02'),
(536, 1, 10, 'add drop ended', '2019-07-18 10:27:17'),
(537, 1, 9, 'add drop started', '2019-07-18 10:27:18'),
(538, 1, 10, 'add drop ended', '2019-07-18 10:27:20'),
(539, 1, 9, 'add drop started', '2019-07-18 10:27:21'),
(540, 1, 10, 'add drop ended', '2019-07-18 10:27:23'),
(541, 1, 9, 'add drop started', '2019-07-18 10:27:24'),
(542, 1, 10, 'add drop ended', '2019-07-18 10:27:24'),
(543, 1, 9, 'add drop started', '2019-07-18 10:27:32'),
(544, 1, 10, 'add drop ended', '2019-07-18 10:27:32'),
(545, 1, 9, 'add drop started', '2019-07-18 10:27:32'),
(546, 1, 10, 'add drop ended', '2019-07-18 10:27:33'),
(547, 1, 9, 'add drop started', '2019-07-18 10:27:33'),
(577, 1, 1, 'succesfully logined', '2019-07-18 12:02:34'),
(578, 1, 1, 'succesfully logined', '2019-07-18 12:12:57'),
(579, 2, 5, 'user made passive', '2019-07-18 12:13:24'),
(580, 1, 1, 'succesfully logined', '2019-07-18 12:15:21'),
(581, 1, 7, 'new term started', '2019-07-18 12:15:41'),
(582, 1, 1, 'succesfully logined', '2019-07-18 12:16:55'),
(583, 1, 1, 'succesfully logined', '2019-07-18 12:20:21'),
(584, 1, 1, 'succesfully logined', '2019-07-18 12:26:48'),
(585, 1, 7, 'new term started', '2019-07-18 12:27:19'),
(586, 1, 1, 'succesfully logined', '2019-07-18 13:46:07'),
(587, 1, 1, 'succesfully logined', '2019-07-18 13:46:48'),
(588, 1, 7, 'new term started', '2019-07-18 13:47:14'),
(589, 1, 10, 'add drop ended', '2019-07-18 13:47:16'),
(590, 1, 9, 'add drop started', '2019-07-18 13:47:18'),
(591, 1, 1, 'succesfully logined', '2019-07-18 13:50:24'),
(592, 1, 1, 'succesfully logined', '2019-07-18 13:56:03'),
(593, 1, 10, 'add drop ended', '2019-07-18 13:56:23'),
(594, 3, 4, 'password changed', '2019-07-18 14:05:39'),
(595, 1, 1, 'succesfully logined', '2019-07-18 14:05:58'),
(596, 1, 7, 'new term started', '2019-07-18 14:06:16'),
(597, 1, 1, 'succesfully logined', '2019-07-18 14:08:17'),
(598, 1, 7, 'new term started', '2019-07-18 14:09:26'),
(599, 1, 9, 'add drop started', '2019-07-18 14:09:33'),
(600, 1, 10, 'add drop ended', '2019-07-18 14:09:37'),
(601, 1, 7, 'new term started', '2019-07-18 14:10:31'),
(602, 1, 9, 'add drop started', '2019-07-18 14:10:39'),
(603, 1, 10, 'add drop ended', '2019-07-18 14:10:41'),
(604, 1, 1, 'succesfully logined', '2019-07-18 15:49:11'),
(605, 1, 1, 'succesfully logined', '2019-07-18 15:51:56'),
(606, 1, 1, 'succesfully logined', '2019-07-18 15:55:31'),
(607, 1, 9, 'add drop started', '2019-07-18 15:55:47'),
(608, 1, 10, 'add drop ended', '2019-07-18 15:55:48'),
(609, 1, 1, 'succesfully logined', '2019-07-18 16:12:48'),
(610, 1, 1, 'succesfully logined', '2019-07-18 16:13:42'),
(611, 1, 1, 'succesfully logined', '2019-07-18 16:50:49'),
(612, 1, 1, 'succesfully logined', '2019-07-18 16:54:46'),
(613, 1, 1, 'succesfully logined', '2019-07-18 16:57:00'),
(614, 1, 1, 'succesfully logined', '2019-07-18 16:58:25'),
(615, 1, 1, 'succesfully logined', '2019-07-18 17:03:41'),
(616, 1, 1, 'succesfully logined', '2019-07-18 17:06:26'),
(617, 1, 1, 'succesfully logined', '2019-07-18 17:10:50'),
(618, 1, 1, 'succesfully logined', '2019-07-18 18:03:19'),
(619, 1, 1, 'succesfully logined', '2019-07-18 18:18:36'),
(620, 1, 8, 'new term ended', '2019-07-18 18:20:39'),
(621, 1, 7, 'new term started', '2019-07-18 18:20:48'),
(622, 1, 8, 'new term ended', '2019-07-18 18:20:55'),
(623, 1, 7, 'new term started', '2019-07-18 18:21:04'),
(624, 1, 1, 'succesfully logined', '2019-07-19 09:16:07'),
(625, 1, 1, 'succesfully logined', '2019-07-19 09:23:21'),
(626, 3, 5, 'user made passive', '2019-07-19 09:25:47'),
(627, 4, 5, 'user made passive', '2019-07-19 09:25:50'),
(628, 4, 6, 'user made active', '2019-07-19 09:25:51'),
(629, 3, 6, 'user made active', '2019-07-19 09:25:53'),
(630, 1, 9, 'add drop started', '2019-07-19 09:28:45'),
(631, 1, 10, 'add drop ended', '2019-07-19 09:28:46'),
(632, 1, 9, 'add drop started', '2019-07-19 09:28:48'),
(633, 1, 10, 'add drop ended', '2019-07-19 09:28:56'),
(634, 1, 8, 'new term ended', '2019-07-19 09:28:58'),
(635, 1, 7, 'new term started', '2019-07-19 09:29:07'),
(636, 1, 11, 'new course created', '2019-07-19 09:29:43'),
(639, 1, 1, 'succesfully logined', '2019-07-19 10:04:34'),
(640, 1, 11, 'new course created', '2019-07-19 11:28:48'),
(641, 1, 1, 'succesfully logined', '2019-07-19 11:46:10'),
(642, 1, 1, 'succesfully logined', '2019-07-19 11:49:56'),
(643, 1, 1, 'succesfully logined', '2019-07-19 11:54:30'),
(644, 1, 1, 'succesfully logined', '2019-07-19 12:09:09'),
(645, 1, 1, 'succesfully logined', '2019-07-19 15:39:06'),
(646, 1, 1, 'succesfully logined', '2019-07-19 15:52:17'),
(647, 1, 1, 'succesfully logined', '2019-07-19 16:07:18'),
(648, 1, 1, 'succesfully logined', '2019-07-19 16:10:48'),
(649, 1, 1, 'succesfully logined', '2019-07-19 16:13:57'),
(650, 1, 1, 'succesfully logined', '2019-07-19 17:17:26'),
(651, 1, 1, 'succesfully logined', '2019-07-19 18:07:07'),
(652, 1, 1, 'succesfully logined', '2019-07-22 09:21:28'),
(653, 7, 1, 'succesfully logined', '2019-07-22 09:28:06'),
(654, 7, 11, 'new course created', '2019-07-22 09:28:35'),
(655, 7, 1, 'succesfully logined', '2019-07-22 09:29:17'),
(656, 7, 1, 'succesfully logined', '2019-07-22 09:33:07'),
(657, 7, 1, 'succesfully logined', '2019-07-22 09:42:38'),
(658, 7, 1, 'succesfully logined', '2019-07-22 09:43:49'),
(659, 7, 1, 'succesfully logined', '2019-07-22 09:49:08'),
(660, 7, 1, 'succesfully logined', '2019-07-22 09:56:20'),
(661, 7, 1, 'succesfully logined', '2019-07-22 10:04:43'),
(662, 7, 1, 'succesfully logined', '2019-07-22 10:10:33'),
(663, 7, 1, 'succesfully logined', '2019-07-22 10:20:32'),
(664, 7, 11, 'new course created', '2019-07-22 10:20:49'),
(665, 7, 1, 'succesfully logined', '2019-07-22 10:24:15'),
(666, 7, 1, 'succesfully logined', '2019-07-22 10:38:28'),
(667, 7, 1, 'succesfully logined', '2019-07-22 10:40:37'),
(668, 7, 1, 'succesfully logined', '2019-07-22 10:42:18'),
(669, 1, 1, 'succesfully logined', '2019-07-22 10:47:24'),
(670, 7, 1, 'succesfully logined', '2019-07-22 10:47:55'),
(671, 7, 1, 'succesfully logined', '2019-07-22 10:50:06'),
(672, 7, 1, 'succesfully logined', '2019-07-22 11:06:37'),
(673, 1, 1, 'succesfully logined', '2019-07-22 11:17:04'),
(674, 7, 1, 'succesfully logined', '2019-07-22 11:17:21'),
(675, 7, 1, 'succesfully logined', '2019-07-22 11:23:59'),
(676, 7, 1, 'succesfully logined', '2019-07-22 11:27:27'),
(677, 7, 1, 'succesfully logined', '2019-07-22 11:35:40'),
(678, 7, 1, 'succesfully logined', '2019-07-22 11:52:27'),
(679, 7, 1, 'succesfully logined', '2019-07-22 11:52:30'),
(680, 7, 1, 'succesfully logined', '2019-07-22 12:04:51'),
(681, 7, 1, 'succesfully logined', '2019-07-22 12:06:46'),
(682, 7, 1, 'succesfully logined', '2019-07-22 13:39:43'),
(683, 7, 1, 'succesfully logined', '2019-07-22 13:49:32'),
(684, 7, 1, 'succesfully logined', '2019-07-22 13:57:08'),
(685, 7, 1, 'succesfully logined', '2019-07-22 14:06:13'),
(686, 7, 1, 'succesfully logined', '2019-07-22 14:21:21'),
(687, 7, 1, 'succesfully logined', '2019-07-22 14:32:54'),
(688, 7, 1, 'succesfully logined', '2019-07-22 14:42:07'),
(689, 7, 1, 'succesfully logined', '2019-07-22 15:16:06'),
(690, 7, 1, 'succesfully logined', '2019-07-22 15:22:15'),
(691, 7, 1, 'succesfully logined', '2019-07-22 17:15:23'),
(692, 7, 9, 'add drop started', '2019-07-22 17:16:33'),
(693, 7, 1, 'succesfully logined', '2019-07-23 09:12:09'),
(694, 1, 1, 'succesfully logined', '2019-07-23 10:28:29'),
(695, 7, 1, 'succesfully logined', '2019-07-23 10:30:14'),
(696, 7, 1, 'succesfully logined', '2019-07-23 10:54:16'),
(697, 7, 1, 'succesfully logined', '2019-07-23 11:30:58'),
(698, 7, 1, 'succesfully logined', '2019-07-23 12:03:51'),
(699, 23, 1, 'succesfully logined', '2019-07-23 12:04:11'),
(700, 23, 11, 'new course created', '2019-07-23 12:04:44'),
(701, 23, 1, 'succesfully logined', '2019-07-23 12:08:58'),
(702, 23, 1, 'succesfully logined', '2019-07-23 12:11:02'),
(703, 7, 1, 'succesfully logined', '2019-07-23 14:35:49'),
(704, 7, 1, 'succesfully logined', '2019-07-23 14:54:55'),
(705, 23, 1, 'succesfully logined', '2019-07-23 14:59:37'),
(706, 23, 1, 'succesfully logined', '2019-07-23 15:01:41'),
(707, 23, 1, 'succesfully logined', '2019-07-23 15:02:46'),
(708, 23, 1, 'succesfully logined', '2019-07-23 15:04:10'),
(709, 22, 1, 'succesfully logined', '2019-07-23 15:09:11'),
(710, 22, 10, 'add drop ended', '2019-07-23 15:10:44'),
(711, 7, 1, 'succesfully logined', '2019-07-23 15:17:04'),
(712, 7, 9, 'add drop started', '2019-07-23 15:17:25'),
(713, 7, 10, 'add drop ended', '2019-07-23 15:17:54'),
(714, 23, 1, 'succesfully logined', '2019-07-23 15:25:02'),
(715, 23, 9, 'add drop started', '2019-07-23 15:26:24'),
(716, 23, 1, 'succesfully logined', '2019-07-23 15:42:19'),
(717, 23, 10, 'add drop ended', '2019-07-23 15:42:33'),
(718, 23, 1, 'succesfully logined', '2019-07-23 16:43:29'),
(719, 23, 1, 'succesfully logined', '2019-07-23 16:44:46'),
(720, 23, 1, 'succesfully logined', '2019-07-23 16:49:49'),
(721, 23, 1, 'succesfully logined', '2019-07-23 17:00:03'),
(722, 23, 1, 'succesfully logined', '2019-07-23 17:11:10'),
(723, 23, 1, 'succesfully logined', '2019-07-23 17:15:36'),
(724, 23, 1, 'succesfully logined', '2019-07-23 17:15:37'),
(725, 23, 1, 'succesfully logined', '2019-07-23 17:51:52'),
(726, 23, 1, 'succesfully logined', '2019-07-23 17:53:00'),
(727, 23, 1, 'succesfully logined', '2019-07-23 17:55:54'),
(728, 23, 1, 'succesfully logined', '2019-07-23 18:01:09'),
(729, 23, 1, 'succesfully logined', '2019-07-23 18:01:48'),
(730, 23, 1, 'succesfully logined', '2019-07-24 09:08:43'),
(731, 23, 9, 'add drop started', '2019-07-24 09:09:21'),
(732, 23, 10, 'add drop ended', '2019-07-24 09:09:28'),
(733, 23, 1, 'succesfully logined', '2019-07-24 09:17:29'),
(734, 23, 9, 'add drop started', '2019-07-24 09:17:41'),
(735, 23, 10, 'add drop ended', '2019-07-24 09:17:45'),
(736, 23, 1, 'succesfully logined', '2019-07-24 09:18:50'),
(737, 23, 9, 'add drop started', '2019-07-24 09:19:01'),
(738, 23, 10, 'add drop ended', '2019-07-24 09:19:05'),
(739, 23, 9, 'add drop started', '2019-07-24 09:19:08'),
(740, 23, 10, 'add drop ended', '2019-07-24 09:19:09'),
(741, 23, 9, 'add drop started', '2019-07-24 09:19:21'),
(742, 23, 1, 'succesfully logined', '2019-07-24 09:21:01'),
(743, 23, 1, 'succesfully logined', '2019-07-24 09:21:26'),
(744, 23, 1, 'succesfully logined', '2019-07-24 09:33:25'),
(745, 23, 1, 'succesfully logined', '2019-07-24 09:39:32'),
(746, 23, 10, 'add drop ended', '2019-07-24 09:41:51'),
(747, 23, 1, 'succesfully logined', '2019-07-24 09:44:44'),
(748, 23, 1, 'succesfully logined', '2019-07-24 10:00:14'),
(749, 23, 1, 'succesfully logined', '2019-07-24 10:09:42'),
(750, 23, 9, 'add drop started', '2019-07-24 10:09:55'),
(751, 23, 10, 'add drop ended', '2019-07-24 10:10:15'),
(752, 23, 9, 'add drop started', '2019-07-24 10:10:18'),
(753, 23, 1, 'succesfully logined', '2019-07-24 10:10:42'),
(754, 23, 1, 'succesfully logined', '2019-07-24 10:11:42'),
(755, 23, 1, 'succesfully logined', '2019-07-24 10:13:20'),
(756, 23, 10, 'add drop ended', '2019-07-24 10:14:34'),
(757, 23, 9, 'add drop started', '2019-07-24 10:14:44'),
(758, 23, 1, 'succesfully logined', '2019-07-24 10:15:39'),
(759, 23, 1, 'succesfully logined', '2019-07-24 10:16:13'),
(760, 23, 10, 'add drop ended', '2019-07-24 10:20:51'),
(761, 23, 9, 'add drop started', '2019-07-24 10:20:52'),
(762, 23, 1, 'succesfully logined', '2019-07-24 10:22:19'),
(763, 23, 11, 'new course created', '2019-07-24 10:23:00'),
(764, 23, 1, 'succesfully logined', '2019-07-24 10:23:26'),
(765, 23, 11, 'new course created', '2019-07-24 10:23:32'),
(766, 23, 11, 'new course created', '2019-07-24 10:23:48'),
(767, 23, 1, 'succesfully logined', '2019-07-24 10:24:16'),
(768, 23, 1, 'succesfully logined', '2019-07-24 10:30:47'),
(769, 23, 10, 'add drop ended', '2019-07-24 10:31:07'),
(770, 23, 1, 'succesfully logined', '2019-07-24 10:31:50'),
(771, 23, 1, 'succesfully logined', '2019-07-24 10:52:20'),
(772, 23, 9, 'add drop started', '2019-07-24 10:52:44'),
(773, 23, 10, 'add drop ended', '2019-07-24 10:53:12'),
(774, 23, 9, 'add drop started', '2019-07-24 10:53:51'),
(775, 23, 1, 'succesfully logined', '2019-07-24 11:34:53'),
(776, 23, 1, 'succesfully logined', '2019-07-24 11:35:49'),
(777, 23, 11, 'new course created', '2019-07-24 11:37:23'),
(778, 23, 10, 'add drop ended', '2019-07-24 11:38:51'),
(779, 1, 1, 'succesfully logined', '2019-07-24 11:57:40'),
(780, 1, 11, 'new course created', '2019-07-24 11:58:27'),
(781, 1, 9, 'add drop started', '2019-07-24 11:58:46'),
(782, 1, 10, 'add drop ended', '2019-07-24 11:58:52'),
(783, 1, 9, 'add drop started', '2019-07-24 11:58:58'),
(784, 1, 10, 'add drop ended', '2019-07-24 11:59:02'),
(785, 1, 9, 'add drop started', '2019-07-24 11:59:05'),
(786, 1, 10, 'add drop ended', '2019-07-24 11:59:06'),
(787, 1, 9, 'add drop started', '2019-07-24 11:59:06'),
(788, 23, 1, 'succesfully logined', '2019-07-24 12:02:14'),
(789, 23, 1, 'succesfully logined', '2019-07-24 12:04:02'),
(790, 23, 10, 'add drop ended', '2019-07-24 12:05:25'),
(791, 23, 1, 'succesfully logined', '2019-07-24 12:08:48'),
(792, 23, 1, 'succesfully logined', '2019-07-24 12:09:39'),
(793, 23, 11, 'new course created', '2019-07-24 12:13:13'),
(794, 22, 1, 'succesfully logined', '2019-07-24 12:14:32'),
(795, 22, 9, 'add drop started', '2019-07-24 12:14:47'),
(796, 23, 1, 'succesfully logined', '2019-07-24 12:14:59'),
(797, 23, 1, 'succesfully logined', '2019-07-24 13:47:13'),
(798, 23, 1, 'succesfully logined', '2019-07-24 14:19:16'),
(799, 23, 1, 'succesfully logined', '2019-07-24 14:24:28'),
(800, 23, 1, 'succesfully logined', '2019-07-24 14:24:29'),
(801, 23, 1, 'succesfully logined', '2019-07-24 14:27:14'),
(802, 23, 1, 'succesfully logined', '2019-07-24 14:35:29'),
(803, 23, 1, 'succesfully logined', '2019-07-24 14:43:39'),
(804, 23, 1, 'succesfully logined', '2019-07-24 14:54:13'),
(805, 23, 1, 'succesfully logined', '2019-07-24 15:48:25'),
(806, 23, 1, 'succesfully logined', '2019-07-24 15:51:58'),
(807, 23, 10, 'add drop ended', '2019-07-24 15:54:28'),
(808, 23, 9, 'add drop started', '2019-07-24 15:54:40'),
(809, 23, 10, 'add drop ended', '2019-07-24 15:54:48'),
(810, 23, 9, 'add drop started', '2019-07-24 15:55:07'),
(811, 1, 1, 'succesfully logined', '2019-07-24 15:56:47'),
(812, 2, 6, 'user made active', '2019-07-24 15:56:52'),
(813, 1, 1, 'succesfully logined', '2019-07-24 15:57:07'),
(814, 2, 4, 'password changed', '2019-07-24 15:57:46'),
(815, 1, 1, 'succesfully logined', '2019-07-24 15:58:09'),
(816, 2, 1, 'succesfully logined', '2019-07-24 16:14:14'),
(817, 1, 1, 'succesfully logined', '2019-07-24 16:16:08'),
(818, 2, 5, 'user made passive', '2019-07-24 16:16:23'),
(819, 1, 1, 'succesfully logined', '2019-07-24 16:18:32'),
(820, 2, 6, 'user made active', '2019-07-24 16:18:38'),
(821, 2, 1, 'succesfully logined', '2019-07-24 16:18:50'),
(822, 2, 5, 'user made passive', '2019-07-24 16:21:48'),
(823, 2, 6, 'user made active', '2019-07-24 16:21:56'),
(824, 2, 10, 'add drop ended', '2019-07-24 16:29:21'),
(825, 23, 1, 'succesfully logined', '2019-07-24 16:36:34'),
(826, 23, 1, 'succesfully logined', '2019-07-24 16:48:56'),
(827, 23, 9, 'add drop started', '2019-07-24 16:49:09'),
(828, 23, 1, 'succesfully logined', '2019-07-24 17:13:33'),
(829, 23, 10, 'add drop ended', '2019-07-24 17:14:19'),
(830, 23, 9, 'add drop started', '2019-07-24 17:14:23'),
(831, 23, 10, 'add drop ended', '2019-07-24 17:14:25'),
(832, 23, 1, 'succesfully logined', '2019-07-24 17:18:54'),
(833, 23, 9, 'add drop started', '2019-07-24 17:19:02'),
(834, 23, 10, 'add drop ended', '2019-07-24 17:19:03'),
(835, 23, 9, 'add drop started', '2019-07-24 17:19:05'),
(836, 23, 10, 'add drop ended', '2019-07-24 17:19:05'),
(837, 23, 9, 'add drop started', '2019-07-24 17:19:08'),
(838, 23, 10, 'add drop ended', '2019-07-24 17:19:10'),
(839, 23, 9, 'add drop started', '2019-07-24 17:19:11'),
(840, 23, 10, 'add drop ended', '2019-07-24 17:19:11'),
(841, 23, 9, 'add drop started', '2019-07-24 17:19:12'),
(842, 23, 10, 'add drop ended', '2019-07-24 17:19:13'),
(843, 23, 9, 'add drop started', '2019-07-24 17:19:14'),
(844, 23, 10, 'add drop ended', '2019-07-24 17:19:14'),
(845, 23, 9, 'add drop started', '2019-07-24 17:19:15'),
(846, 23, 10, 'add drop ended', '2019-07-24 17:19:16'),
(847, 23, 9, 'add drop started', '2019-07-24 17:19:18'),
(848, 23, 1, 'succesfully logined', '2019-07-25 09:05:51'),
(849, 23, 1, 'succesfully logined', '2019-07-25 09:21:05'),
(850, 23, 1, 'succesfully logined', '2019-07-25 09:25:47'),
(851, 23, 1, 'succesfully logined', '2019-07-25 09:38:50'),
(852, 23, 1, 'succesfully logined', '2019-07-25 09:40:43'),
(853, 23, 1, 'succesfully logined', '2019-07-25 09:45:17'),
(854, 23, 1, 'succesfully logined', '2019-07-25 09:45:18'),
(855, 23, 1, 'succesfully logined', '2019-07-25 09:47:56'),
(856, 23, 10, 'add drop ended', '2019-07-25 09:50:13'),
(857, 23, 8, 'new term ended', '2019-07-25 09:50:14'),
(858, 23, 7, 'new term started', '2019-07-25 09:50:22'),
(859, 1, 1, 'succesfully logined', '2019-07-25 09:51:22'),
(860, 1, 11, 'new course created', '2019-07-25 09:51:42'),
(861, 1, 11, 'new course created', '2019-07-25 09:51:46'),
(862, 1, 11, 'new course created', '2019-07-25 09:51:48'),
(863, 23, 1, 'succesfully logined', '2019-07-25 09:52:13'),
(864, 23, 1, 'succesfully logined', '2019-07-25 09:59:20'),
(865, 23, 1, 'succesfully logined', '2019-07-25 10:03:16'),
(866, 23, 1, 'succesfully logined', '2019-07-25 10:05:05'),
(867, 23, 1, 'succesfully logined', '2019-07-25 10:07:14'),
(868, 23, 1, 'succesfully logined', '2019-07-25 10:34:41'),
(869, 23, 1, 'succesfully logined', '2019-07-25 10:35:39'),
(870, 23, 1, 'succesfully logined', '2019-07-25 10:37:08'),
(871, 23, 9, 'add drop started', '2019-07-25 10:37:22'),
(872, 23, 1, 'succesfully logined', '2019-07-25 10:39:19'),
(873, 23, 1, 'succesfully logined', '2019-07-25 10:46:52'),
(874, 23, 1, 'succesfully logined', '2019-07-25 11:02:25'),
(875, 23, 1, 'succesfully logined', '2019-07-25 11:06:03'),
(876, 1, 1, 'succesfully logined', '2019-07-25 11:10:18'),
(877, 23, 1, 'succesfully logined', '2019-07-25 11:11:54'),
(878, 23, 1, 'succesfully logined', '2019-07-25 11:32:23'),
(879, 23, 1, 'succesfully logined', '2019-07-25 11:39:23'),
(880, 23, 1, 'succesfully logined', '2019-07-25 11:53:02'),
(881, 23, 1, 'succesfully logined', '2019-07-25 12:01:06'),
(882, 23, 1, 'succesfully logined', '2019-07-25 12:01:08'),
(883, 23, 1, 'succesfully logined', '2019-07-25 12:01:10'),
(884, 23, 1, 'succesfully logined', '2019-07-25 12:03:45'),
(885, 23, 1, 'succesfully logined', '2019-07-26 15:48:37'),
(886, 23, 1, 'succesfully logined', '2019-07-26 15:48:38'),
(887, 23, 1, 'succesfully logined', '2019-07-26 16:08:48'),
(888, 23, 1, 'succesfully logined', '2019-07-26 16:11:58'),
(889, 23, 1, 'succesfully logined', '2019-07-26 16:37:01'),
(890, 1, 1, 'succesfully logined', '2019-07-26 17:54:04'),
(891, 23, 1, 'succesfully logined', '2019-07-29 09:18:04'),
(892, 1, 1, 'succesfully logined', '2019-07-29 09:22:37'),
(893, 23, 1, 'succesfully logined', '2019-07-29 09:36:44'),
(894, 23, 1, 'succesfully logined', '2019-07-29 09:40:11'),
(895, 1, 1, 'succesfully logined', '2019-07-29 09:43:29'),
(896, 1, 1, 'succesfully logined', '2019-07-29 09:49:55'),
(897, 1, 1, 'succesfully logined', '2019-07-29 10:10:07'),
(898, 1, 4, 'password changed', '2019-07-29 10:19:46'),
(899, 2, 4, 'password changed', '2019-07-29 10:30:17'),
(900, 2, 4, 'password changed', '2019-07-29 10:30:28'),
(901, 2, 4, 'password changed', '2019-07-29 10:30:37'),
(902, 2, 4, 'password changed', '2019-07-29 10:30:44'),
(903, 1, 1, 'succesfully logined', '2019-07-29 10:49:19'),
(904, 1, 1, 'succesfully logined', '2019-07-29 11:11:58'),
(905, 23, 1, 'succesfully logined', '2019-07-29 11:20:57'),
(906, 23, 1, 'succesfully logined', '2019-07-29 11:43:06'),
(907, 23, 1, 'succesfully logined', '2019-07-29 12:03:15'),
(908, 1, 1, 'succesfully logined', '2019-07-29 12:04:43'),
(909, 1, 12, 'new user created', '2019-07-29 12:05:43'),
(910, 1, 1, 'succesfully logined', '2019-07-29 12:07:06'),
(911, 1, 1, 'succesfully logined', '2019-07-29 12:10:08'),
(912, 1, 1, 'succesfully logined', '2019-07-29 12:10:08'),
(913, 1, 12, 'new user created', '2019-07-29 12:11:49'),
(914, 1, 1, 'succesfully logined', '2019-07-29 12:19:13'),
(915, 1, 1, 'succesfully logined', '2019-07-29 13:58:30'),
(916, 1, 12, 'new user created', '2019-07-29 13:59:36'),
(917, 1, 1, 'succesfully logined', '2019-07-29 14:02:43'),
(918, 1, 1, 'succesfully logined', '2019-07-29 14:05:12'),
(919, 1, 1, 'succesfully logined', '2019-07-29 14:25:52'),
(920, 1, 1, 'succesfully logined', '2019-07-29 14:29:09'),
(921, 1, 1, 'succesfully logined', '2019-07-29 15:37:38'),
(922, 9, 5, 'user made passive', '2019-07-29 15:42:19'),
(923, 9, 5, 'user made passive', '2019-07-29 15:42:21'),
(924, 9, 5, 'user made passive', '2019-07-29 15:42:24'),
(925, 9, 6, 'user made active', '2019-07-29 15:42:27'),
(928, 1, 12, 'new user created', '2019-07-29 16:14:53'),
(931, 1, 12, 'new user created', '2019-07-29 16:19:05'),
(932, 1, 11, 'new course created', '2019-07-29 16:29:00'),
(933, 1, 1, 'succesfully logined', '2019-07-29 16:46:01'),
(934, 1, 1, 'succesfully logined', '2019-07-29 17:17:42'),
(935, 1, 1, 'succesfully logined', '2019-07-29 17:35:16'),
(936, 1, 1, 'succesfully logined', '2019-07-29 17:42:54'),
(937, 1, 1, 'succesfully logined', '2019-07-29 17:58:54'),
(938, 1, 1, 'succesfully logined', '2019-07-30 09:06:59'),
(939, 9, 6, 'user made active', '2019-07-30 10:06:41'),
(940, 1, 1, 'succesfully logined', '2019-07-30 11:45:52'),
(941, 1, 1, 'succesfully logined', '2019-07-30 11:52:12'),
(942, 1, 1, 'succesfully logined', '2019-07-30 13:50:48'),
(943, 1, 1, 'succesfully logined', '2019-07-30 13:56:02'),
(944, 3, 1, 'succesfully logined', '2019-07-30 13:56:11');
INSERT INTO `logs` (`LOG_ID`, `USER_ID`, `EVENT_CODE`, `DETAIL`, `DATE`) VALUES
(945, 23, 1, 'succesfully logined', '2019-07-30 13:56:25'),
(946, 23, 1, 'succesfully logined', '2019-07-30 14:00:51'),
(947, 1, 1, 'succesfully logined', '2019-07-30 14:01:03'),
(948, 1, 1, 'succesfully logined', '2019-07-30 14:03:13'),
(949, 1, 1, 'succesfully logined', '2019-07-30 14:08:25'),
(950, 23, 1, 'succesfully logined', '2019-07-30 14:08:32'),
(951, 23, 1, 'succesfully logined', '2019-07-30 14:11:03'),
(952, 1, 1, 'succesfully logined', '2019-07-30 14:17:51'),
(953, 23, 1, 'succesfully logined', '2019-07-30 14:18:11'),
(954, 23, 1, 'succesfully logined', '2019-07-30 14:19:19'),
(955, 23, 1, 'succesfully logined', '2019-07-30 14:20:29'),
(956, 23, 1, 'succesfully logined', '2019-07-30 14:24:58'),
(957, 23, 1, 'succesfully logined', '2019-07-30 14:30:37'),
(958, 23, 1, 'succesfully logined', '2019-07-30 14:33:50'),
(959, 1, 1, 'succesfully logined', '2019-07-30 14:40:05'),
(960, 1, 1, 'succesfully logined', '2019-07-30 14:48:05'),
(962, 1, 1, 'succesfully logined', '2019-07-30 14:52:45'),
(963, 23, 1, 'succesfully logined', '2019-07-30 15:31:45'),
(964, 23, 1, 'succesfully logined', '2019-07-30 15:32:25'),
(965, 23, 1, 'succesfully logined', '2019-07-30 15:33:20'),
(966, 23, 1, 'succesfully logined', '2019-07-30 15:43:51'),
(967, 23, 1, 'succesfully logined', '2019-07-30 15:47:14'),
(968, 1, 1, 'succesfully logined', '2019-07-30 17:32:34'),
(969, 1, 1, 'succesfully logined', '2019-07-30 17:47:49'),
(970, 1, 1, 'succesfully logined', '2019-07-30 17:52:02'),
(971, 1, 11, 'new course created', '2019-07-30 17:52:27'),
(972, 3, 5, 'user made passive', '2019-07-30 17:57:47'),
(973, 1, 10, 'add drop ended', '2019-07-30 17:59:00'),
(974, 1, 9, 'add drop started', '2019-07-30 17:59:01'),
(975, 1, 10, 'add drop ended', '2019-07-30 17:59:02'),
(976, 1, 9, 'add drop started', '2019-07-30 17:59:03'),
(977, 1, 10, 'add drop ended', '2019-07-30 17:59:05'),
(978, 23, 1, 'succesfully logined', '2019-07-30 18:02:58'),
(979, 1, 1, 'succesfully logined', '2019-07-31 09:00:58'),
(980, 1, 1, 'succesfully logined', '2019-07-31 09:15:38'),
(981, 1, 1, 'succesfully logined', '2019-07-31 09:29:51'),
(982, 1, 1, 'succesfully logined', '2019-07-31 10:47:51'),
(983, 1, 1, 'succesfully logined', '2019-07-31 10:51:28'),
(984, 1, 1, 'succesfully logined', '2019-07-31 11:10:24'),
(985, 1, 1, 'succesfully logined', '2019-07-31 11:33:41'),
(986, 1, 1, 'succesfully logined', '2019-07-31 11:54:05'),
(987, 23, 1, 'succesfully logined', '2019-07-31 11:54:57'),
(988, 1, 1, 'succesfully logined', '2019-07-31 11:56:10'),
(989, 23, 1, 'succesfully logined', '2019-07-31 11:57:05'),
(990, 1, 11, 'new course created', '2019-07-31 11:57:44'),
(991, 23, 1, 'succesfully logined', '2019-07-31 13:35:43'),
(992, 23, 1, 'succesfully logined', '2019-07-31 13:40:00'),
(993, 1, 1, 'succesfully logined', '2019-07-31 13:43:51'),
(994, 1, 9, 'add drop started', '2019-07-31 13:45:28'),
(995, 23, 1, 'succesfully logined', '2019-07-31 14:20:01'),
(996, 23, 1, 'succesfully logined', '2019-07-31 16:48:15'),
(997, 1, 1, 'succesfully logined', '2019-07-31 17:50:28'),
(998, 1, 1, 'succesfully logined', '2019-07-31 18:22:10'),
(999, 1, 1, 'succesfully logined', '2019-08-01 09:16:21'),
(1000, 1, 1, 'succesfully logined', '2019-08-01 09:20:23'),
(1001, 1, 1, 'succesfully logined', '2019-08-01 09:30:49'),
(1002, 1, 1, 'succesfully logined', '2019-08-01 09:37:59'),
(1003, 23, 1, 'succesfully logined', '2019-08-01 09:42:08'),
(1004, 1, 1, 'succesfully logined', '2019-08-01 09:51:23'),
(1005, 1, 1, 'succesfully logined', '2019-08-01 09:52:58'),
(1006, 1, 1, 'succesfully logined', '2019-08-01 09:54:02'),
(1007, 1, 1, 'succesfully logined', '2019-08-01 11:07:48'),
(1008, 1, 2, 'logined out', '2019-08-01 11:07:54'),
(1009, 1, 1, 'succesfully logined', '2019-08-01 11:08:19'),
(1010, 1, 1, 'succesfully logined', '2019-08-01 11:08:34'),
(1011, 1, 1, 'succesfully logined', '2019-08-01 11:10:11'),
(1012, 1, 1, 'succesfully logined', '2019-08-01 11:11:21'),
(1013, 1, 2, 'logined out', '2019-08-01 11:11:41'),
(1014, 1, 1, 'succesfully logined', '2019-08-01 11:11:43'),
(1015, 1, 2, 'logined out', '2019-08-01 11:11:46'),
(1016, 1, 1, 'succesfully logined', '2019-08-01 11:12:03'),
(1017, 1, 2, 'logined out', '2019-08-01 11:12:08'),
(1018, 23, 1, 'succesfully logined', '2019-08-01 11:12:16'),
(1019, 23, 2, 'logined out', '2019-08-01 11:12:19'),
(1020, 1, 1, 'succesfully logined', '2019-08-01 11:12:26'),
(1021, 1, 2, 'logined out', '2019-08-01 11:13:13'),
(1022, 1, 1, 'succesfully logined', '2019-08-01 11:19:48'),
(1023, 1, 2, 'logined out', '2019-08-01 11:19:52'),
(1024, 1, 1, 'succesfully logined', '2019-08-01 11:19:57'),
(1025, 1, 1, 'succesfully logined', '2019-08-01 11:24:12'),
(1026, 1, 1, 'succesfully logined', '2019-08-01 11:24:15'),
(1027, 1, 2, 'logined out', '2019-08-01 11:24:33'),
(1028, 1, 1, 'succesfully logined', '2019-08-01 11:24:35'),
(1029, 1, 2, 'logined out', '2019-08-01 11:25:45'),
(1030, 1, 1, 'succesfully logined', '2019-08-01 11:25:51'),
(1031, 1, 2, 'logined out', '2019-08-01 11:25:53'),
(1032, 1, 1, 'succesfully logined', '2019-08-01 11:31:49'),
(1033, 1, 1, 'succesfully logined', '2019-08-01 11:31:55'),
(1034, 1, 1, 'succesfully logined', '2019-08-01 11:34:33'),
(1035, 1, 2, 'logined out', '2019-08-01 11:34:35'),
(1036, 1, 1, 'succesfully logined', '2019-08-01 11:34:40'),
(1037, 1, 1, 'succesfully logined', '2019-08-01 11:34:40'),
(1038, 1, 2, 'logined out', '2019-08-01 11:37:59'),
(1039, 23, 1, 'succesfully logined', '2019-08-01 11:38:05'),
(1040, 23, 2, 'logined out', '2019-08-01 11:38:08'),
(1041, 1, 1, 'succesfully logined', '2019-08-01 11:52:18'),
(1042, 1, 2, 'logined out', '2019-08-01 11:52:22'),
(1043, 1, 1, 'succesfully logined', '2019-08-01 11:54:19'),
(1044, 1, 2, 'logined out', '2019-08-01 11:54:21'),
(1045, 1, 1, 'succesfully logined', '2019-08-01 13:45:01'),
(1046, 1, 1, 'succesfully logined', '2019-08-01 15:07:20'),
(1047, 1, 12, 'enrolled course', '2019-08-01 15:07:37'),
(1048, 1, 13, 'derolled course', '2019-08-01 15:07:40'),
(1049, 23, 1, 'succesfully logined', '2019-08-01 15:08:49'),
(1050, 23, 2, 'logined out', '2019-08-01 15:10:45'),
(1051, 1, 1, 'succesfully logined', '2019-08-01 17:14:51'),
(1052, 1, 1, 'succesfully logined', '2019-08-01 17:16:31'),
(1053, 1, 1, 'succesfully logined', '2019-08-01 17:16:31'),
(1054, 1, 1, 'succesfully logined', '2019-08-01 17:32:38'),
(1055, 23, 1, 'succesfully logined', '2019-08-02 09:12:34'),
(1056, 23, 2, 'logined out', '2019-08-02 09:12:38'),
(1057, 23, 1, 'succesfully logined', '2019-08-02 09:15:19'),
(1058, 23, 1, 'succesfully logined', '2019-08-02 09:22:48'),
(1059, 23, 2, 'logined out', '2019-08-02 09:22:54'),
(1060, 1, 1, 'succesfully logined', '2019-08-02 09:23:04'),
(1061, 1, 2, 'logined out', '2019-08-02 09:23:15'),
(1062, 1, 1, 'succesfully logined', '2019-08-02 09:23:39'),
(1063, 1, 2, 'logined out', '2019-08-02 09:23:41'),
(1064, 1, 1, 'succesfully logined', '2019-08-02 09:25:18'),
(1065, 1, 2, 'logined out', '2019-08-02 09:26:17'),
(1066, 1, 1, 'succesfully logined', '2019-08-02 09:26:48'),
(1067, 1, 2, 'logined out', '2019-08-02 09:26:54'),
(1068, 1, 1, 'succesfully logined', '2019-08-02 09:32:06'),
(1069, 1, 2, 'logined out', '2019-08-02 09:32:12'),
(1070, 1, 1, 'succesfully logined', '2019-08-02 09:33:56'),
(1071, 1, 2, 'logined out', '2019-08-02 09:34:00'),
(1072, 1, 1, 'succesfully logined', '2019-08-02 09:41:09'),
(1073, 1, 2, 'logined out', '2019-08-02 09:41:25'),
(1074, 23, 1, 'succesfully logined', '2019-08-02 09:42:45'),
(1075, 23, 2, 'logined out', '2019-08-02 09:42:49'),
(1076, 1, 1, 'succesfully logined', '2019-08-02 09:47:41'),
(1077, 1, 2, 'logined out', '2019-08-02 09:47:53'),
(1078, 23, 1, 'succesfully logined', '2019-08-02 09:48:11'),
(1079, 23, 2, 'logined out', '2019-08-02 09:57:04'),
(1080, 1, 1, 'succesfully logined', '2019-08-02 09:57:14'),
(1081, 1, 1, 'succesfully logined', '2019-08-02 10:16:49'),
(1082, 1, 1, 'succesfully logined', '2019-08-02 11:34:01'),
(1083, 1, 1, 'succesfully logined', '2019-08-02 11:38:32'),
(1084, 1, 1, 'succesfully logined', '2019-08-02 11:43:30'),
(1085, 1, 1, 'succesfully logined', '2019-08-02 11:46:26'),
(1086, 1, 1, 'succesfully logined', '2019-08-02 12:05:43'),
(1087, 1, 1, 'succesfully logined', '2019-08-02 12:10:30'),
(1088, 1, 1, 'succesfully logined', '2019-08-02 12:10:31'),
(1089, 1, 1, 'succesfully logined', '2019-08-02 12:13:34'),
(1090, 1, 1, 'succesfully logined', '2019-08-02 13:36:22'),
(1091, 23, 1, 'succesfully logined', '2019-08-05 09:14:23'),
(1092, 23, 2, 'logined out', '2019-08-05 09:15:27'),
(1093, 1, 1, 'succesfully logined', '2019-08-05 09:15:29'),
(1094, 1, 1, 'succesfully logined', '2019-08-05 10:39:36'),
(1095, 1, 1, 'succesfully logined', '2019-08-05 12:10:15'),
(1096, 1, 1, 'succesfully logined', '2019-08-05 13:51:10'),
(1097, 1, 1, 'succesfully logined', '2019-08-05 13:56:43'),
(1098, 1, 1, 'succesfully logined', '2019-08-05 14:12:40'),
(1099, 1, 1, 'succesfully logined', '2019-08-05 14:20:24'),
(1100, 1, 1, 'succesfully logined', '2019-08-05 14:23:43'),
(1101, 1, 1, 'succesfully logined', '2019-08-05 14:27:32'),
(1102, 1, 1, 'succesfully logined', '2019-08-05 14:29:55'),
(1103, 1, 1, 'succesfully logined', '2019-08-05 14:36:12'),
(1104, 1, 1, 'succesfully logined', '2019-08-05 14:43:17'),
(1105, 1, 1, 'succesfully logined', '2019-08-05 14:50:44'),
(1106, 1, 1, 'succesfully logined', '2019-08-05 15:27:49'),
(1107, 1, 1, 'succesfully logined', '2019-08-05 15:33:57'),
(1108, 1, 1, 'succesfully logined', '2019-08-05 15:45:45'),
(1109, 1, 1, 'succesfully logined', '2019-08-05 17:50:11'),
(1110, 1, 1, 'succesfully logined', '2019-08-06 09:15:28'),
(1111, 1, 1, 'succesfully logined', '2019-08-06 09:24:34'),
(1112, 1, 1, 'succesfully logined', '2019-08-06 09:30:22'),
(1113, 1, 1, 'succesfully logined', '2019-08-06 09:53:20'),
(1114, 1, 1, 'succesfully logined', '2019-08-06 10:08:24'),
(1115, 1, 1, 'succesfully logined', '2019-08-06 10:08:59'),
(1116, 1, 1, 'succesfully logined', '2019-08-06 10:11:49'),
(1117, 1, 2, 'logined out', '2019-08-06 10:11:57'),
(1118, 1, 1, 'succesfully logined', '2019-08-06 10:12:26'),
(1119, 1, 1, 'succesfully logined', '2019-08-06 10:14:54'),
(1120, 1, 1, 'succesfully logined', '2019-08-06 10:22:06'),
(1121, 1, 1, 'succesfully logined', '2019-08-06 10:53:42'),
(1122, 1, 0, 'new user created', '2019-08-06 11:02:08'),
(1123, 1, 1, 'succesfully logined', '2019-08-06 13:11:09'),
(1124, 1, 1, 'succesfully logined', '2019-08-06 13:12:08'),
(1125, 1, 1, 'succesfully logined', '2019-08-06 14:21:08'),
(1126, 1, 1, 'succesfully logined', '2019-08-06 15:43:16'),
(1127, 1, 1, 'succesfully logined', '2019-08-06 16:19:25'),
(1128, 1, 1, 'succesfully logined', '2019-08-06 16:39:37'),
(1129, 1, 1, 'succesfully logined', '2019-08-06 17:04:16'),
(1130, 1, 1, 'succesfully logined', '2019-08-07 09:40:39'),
(1131, 1, 1, 'succesfully logined', '2019-08-07 09:43:44'),
(1132, 1, 1, 'succesfully logined', '2019-08-07 10:18:05'),
(1133, 1, 1, 'succesfully logined', '2019-08-07 10:47:46'),
(1134, 1, 10, 'add drop ended', '2019-08-07 10:55:39'),
(1135, 1, 9, 'add drop started', '2019-08-07 10:56:00'),
(1136, 1, 10, 'add drop ended', '2019-08-07 10:58:17'),
(1137, 1, 9, 'add drop started', '2019-08-07 10:58:17'),
(1138, 1, 10, 'add drop ended', '2019-08-07 10:58:18'),
(1139, 1, 9, 'add drop started', '2019-08-07 10:58:20'),
(1140, 1, 1, 'succesfully logined', '2019-08-07 11:17:58'),
(1141, 1, 1, 'succesfully logined', '2019-08-07 13:47:01'),
(1142, 1, 1, 'succesfully logined', '2019-08-07 13:48:11'),
(1143, 1, 1, 'succesfully logined', '2019-08-07 14:07:59'),
(1144, 1, 1, 'succesfully logined', '2019-08-07 14:15:05'),
(1145, 1, 1, 'succesfully logined', '2019-08-07 14:31:33'),
(1146, 1, 1, 'succesfully logined', '2019-08-07 14:34:17'),
(1147, 1, 1, 'succesfully logined', '2019-08-07 14:38:47'),
(1148, 1, 1, 'succesfully logined', '2019-08-07 15:02:07'),
(1149, 1, 12, 'enrolled course', '2019-08-07 15:13:44'),
(1150, 1, 1, 'succesfully logined', '2019-08-07 15:46:31'),
(1151, 1, 1, 'succesfully logined', '2019-08-07 17:04:55'),
(1152, 1, 10, 'add drop ended', '2019-08-07 18:02:22'),
(1153, 1, 9, 'add drop started', '2019-08-07 18:02:26'),
(1154, 1, 1, 'succesfully logined', '2019-08-08 10:22:34'),
(1155, 1, 1, 'succesfully logined', '2019-08-08 11:25:15'),
(1156, 1, 1, 'succesfully logined', '2019-08-08 11:27:30'),
(1157, 1, 1, 'succesfully logined', '2019-08-08 11:28:49'),
(1158, 1, 1, 'succesfully logined', '2019-08-08 11:31:28'),
(1159, 1, 1, 'succesfully logined', '2019-08-08 11:45:34'),
(1160, 1, 1, 'succesfully logined', '2019-08-08 13:35:27'),
(1161, 23, 1, 'succesfully logined', '2019-08-08 13:36:23'),
(1162, 1, 1, 'succesfully logined', '2019-08-08 13:37:34'),
(1163, 1, 1, 'succesfully logined', '2019-08-08 13:44:02'),
(1164, 1, 2, 'logined out', '2019-08-08 13:45:04'),
(1165, 23, 1, 'succesfully logined', '2019-08-08 13:45:07'),
(1166, 22, 1, 'succesfully logined', '2019-08-08 13:53:15'),
(1167, 1, 1, 'succesfully logined', '2019-08-08 13:58:18'),
(1168, 22, 1, 'succesfully logined', '2019-08-08 13:58:25'),
(1169, 22, 1, 'succesfully logined', '2019-08-08 14:08:23'),
(1170, 22, 1, 'succesfully logined', '2019-08-08 14:09:32'),
(1171, 22, 11, 'new course created', '2019-08-08 14:09:58'),
(1172, 1, 1, 'succesfully logined', '2019-08-08 14:16:45'),
(1173, 1, 2, 'logined out', '2019-08-08 14:16:48'),
(1174, 1, 1, 'succesfully logined', '2019-08-08 14:16:50'),
(1175, 23, 1, 'succesfully logined', '2019-08-08 14:18:17'),
(1176, 23, 2, 'logined out', '2019-08-08 14:18:27'),
(1177, 1, 1, 'succesfully logined', '2019-08-08 14:18:35'),
(1178, 1, 2, 'logined out', '2019-08-08 14:18:38'),
(1179, 22, 1, 'succesfully logined', '2019-08-08 14:18:44'),
(1180, 1, 1, 'succesfully logined', '2019-08-08 15:49:29'),
(1181, 1, 1, 'succesfully logined', '2019-08-08 15:53:48'),
(1182, 1, 1, 'succesfully logined', '2019-08-08 15:57:47'),
(1183, 1, 1, 'succesfully logined', '2019-08-08 16:12:00'),
(1184, 1, 1, 'succesfully logined', '2019-08-08 16:17:31'),
(1185, 1, 2, 'logined out', '2019-08-08 16:19:04'),
(1186, 22, 1, 'succesfully logined', '2019-08-08 16:19:07'),
(1187, 22, 2, 'logined out', '2019-08-08 16:19:17'),
(1188, 22, 1, 'succesfully logined', '2019-08-08 16:19:19'),
(1189, 23, 1, 'succesfully logined', '2019-08-08 16:19:47'),
(1190, 23, 2, 'logined out', '2019-08-08 16:32:56'),
(1191, 22, 1, 'succesfully logined', '2019-08-08 16:33:05'),
(1192, 23, 1, 'succesfully logined', '2019-08-08 17:26:14'),
(1193, 23, 2, 'logined out', '2019-08-08 17:27:17'),
(1194, 1, 1, 'succesfully logined', '2019-08-08 17:27:37'),
(1195, 1, 10, 'add drop ended', '2019-08-08 17:27:41'),
(1196, 1, 8, 'new term ended', '2019-08-08 17:27:44'),
(1197, 1, 7, 'new term started', '2019-08-08 17:28:02'),
(1198, 1, 2, 'logined out', '2019-08-08 17:28:37'),
(1199, 1, 1, 'succesfully logined', '2019-08-08 17:28:43'),
(1200, 1, 1, 'succesfully logined', '2019-08-08 17:37:53'),
(1201, 1, 1, 'succesfully logined', '2019-08-08 17:40:43'),
(1202, 1, 0, 'new user created', '2019-08-08 17:41:45'),
(1203, 1, 0, 'new user created', '2019-08-08 17:42:48'),
(1205, 1, 0, 'new user created', '2019-08-08 17:45:29'),
(1206, 1, 0, 'new user created', '2019-08-08 17:46:15'),
(1207, 1, 2, 'logined out', '2019-08-08 17:48:13'),
(1208, 36, 1, 'succesfully logined', '2019-08-08 17:48:27'),
(1209, 36, 11, 'new course created', '2019-08-08 17:48:49'),
(1210, 36, 11, 'new course created', '2019-08-08 17:49:00'),
(1211, 36, 1, 'succesfully logined', '2019-08-08 17:51:01'),
(1212, 36, 2, 'logined out', '2019-08-08 17:51:06'),
(1213, 36, 1, 'succesfully logined', '2019-08-08 17:51:09'),
(1214, 36, 2, 'logined out', '2019-08-08 17:51:23'),
(1215, 37, 1, 'succesfully logined', '2019-08-08 17:51:26'),
(1216, 37, 11, 'new course created', '2019-08-08 17:51:41'),
(1217, 37, 11, 'new course created', '2019-08-08 17:51:52'),
(1218, 37, 2, 'logined out', '2019-08-08 17:55:59'),
(1219, 1, 1, 'succesfully logined', '2019-08-09 09:09:29'),
(1220, 1, 0, 'new user created', '2019-08-09 09:10:51'),
(1221, 1, 2, 'logined out', '2019-08-09 09:18:43'),
(1222, 23, 1, 'succesfully logined', '2019-08-09 09:18:45'),
(1223, 23, 2, 'logined out', '2019-08-09 09:18:52'),
(1224, 1, 1, 'succesfully logined', '2019-08-09 09:18:55'),
(1225, 1, 9, 'add drop started', '2019-08-09 09:19:02'),
(1226, 1, 2, 'logined out', '2019-08-09 09:19:09'),
(1227, 23, 1, 'succesfully logined', '2019-08-09 09:19:11'),
(1228, 23, 12, 'enrolled course', '2019-08-09 09:19:16'),
(1229, 23, 12, 'enrolled course', '2019-08-09 09:19:18'),
(1230, 23, 12, 'enrolled course', '2019-08-09 09:19:19'),
(1231, 23, 12, 'enrolled course', '2019-08-09 09:19:21'),
(1232, 23, 2, 'logined out', '2019-08-09 09:19:33'),
(1233, 22, 1, 'succesfully logined', '2019-08-09 09:19:37'),
(1234, 22, 11, 'new course created', '2019-08-09 09:19:51'),
(1235, 22, 2, 'logined out', '2019-08-09 09:19:59'),
(1236, 1, 1, 'succesfully logined', '2019-08-09 09:20:02'),
(1237, 1, 2, 'logined out', '2019-08-09 09:23:49'),
(1238, 23, 1, 'succesfully logined', '2019-08-09 09:23:52'),
(1239, 1, 1, 'succesfully logined', '2019-08-09 10:31:10'),
(1240, 1, 2, 'logined out', '2019-08-09 10:35:43'),
(1241, 24, 1, 'succesfully logined', '2019-08-09 10:36:02'),
(1242, 24, 12, 'enrolled course', '2019-08-09 10:36:06'),
(1243, 24, 12, 'enrolled course', '2019-08-09 10:36:07'),
(1244, 24, 12, 'enrolled course', '2019-08-09 10:36:09'),
(1245, 24, 12, 'enrolled course', '2019-08-09 10:36:10'),
(1246, 24, 12, 'enrolled course', '2019-08-09 10:36:11'),
(1247, 24, 2, 'logined out', '2019-08-09 10:36:13'),
(1248, 25, 1, 'succesfully logined', '2019-08-09 10:36:16'),
(1249, 25, 12, 'enrolled course', '2019-08-09 10:36:20'),
(1250, 25, 12, 'enrolled course', '2019-08-09 10:36:21'),
(1251, 25, 12, 'enrolled course', '2019-08-09 10:36:23'),
(1252, 25, 12, 'enrolled course', '2019-08-09 10:36:24'),
(1253, 25, 12, 'enrolled course', '2019-08-09 10:36:25'),
(1254, 25, 2, 'logined out', '2019-08-09 10:37:26'),
(1255, 25, 1, 'succesfully logined', '2019-08-09 10:37:29'),
(1256, 25, 2, 'logined out', '2019-08-09 10:37:34'),
(1257, 26, 1, 'succesfully logined', '2019-08-09 10:37:36'),
(1258, 26, 11, 'new course created', '2019-08-09 10:37:58'),
(1259, 26, 2, 'logined out', '2019-08-09 10:38:08'),
(1260, 27, 1, 'succesfully logined', '2019-08-09 10:38:12'),
(1261, 27, 12, 'enrolled course', '2019-08-09 10:38:16'),
(1262, 27, 12, 'enrolled course', '2019-08-09 10:38:17'),
(1263, 27, 12, 'enrolled course', '2019-08-09 10:38:18'),
(1264, 27, 12, 'enrolled course', '2019-08-09 10:38:19'),
(1265, 27, 12, 'enrolled course', '2019-08-09 10:38:20'),
(1266, 27, 12, 'enrolled course', '2019-08-09 10:38:23'),
(1267, 27, 2, 'logined out', '2019-08-09 10:38:30'),
(1268, 28, 1, 'succesfully logined', '2019-08-09 10:38:32'),
(1269, 28, 12, 'enrolled course', '2019-08-09 10:38:36'),
(1270, 28, 12, 'enrolled course', '2019-08-09 10:38:38'),
(1271, 28, 12, 'enrolled course', '2019-08-09 10:38:39'),
(1272, 28, 12, 'enrolled course', '2019-08-09 10:38:40'),
(1273, 28, 12, 'enrolled course', '2019-08-09 10:38:41'),
(1274, 28, 12, 'enrolled course', '2019-08-09 10:38:42'),
(1275, 28, 2, 'logined out', '2019-08-09 10:38:44'),
(1276, 34, 1, 'succesfully logined', '2019-08-09 10:50:46'),
(1277, 34, 12, 'enrolled course', '2019-08-09 10:50:52'),
(1278, 34, 12, 'enrolled course', '2019-08-09 10:50:53'),
(1279, 34, 12, 'enrolled course', '2019-08-09 10:50:55'),
(1280, 34, 12, 'enrolled course', '2019-08-09 10:50:56'),
(1281, 34, 12, 'enrolled course', '2019-08-09 10:50:57'),
(1282, 34, 12, 'enrolled course', '2019-08-09 10:50:59'),
(1283, 34, 2, 'logined out', '2019-08-09 10:51:02'),
(1284, 35, 1, 'succesfully logined', '2019-08-09 10:51:06'),
(1285, 35, 12, 'enrolled course', '2019-08-09 10:51:10'),
(1286, 35, 12, 'enrolled course', '2019-08-09 10:51:11'),
(1287, 35, 12, 'enrolled course', '2019-08-09 10:51:13'),
(1288, 35, 12, 'enrolled course', '2019-08-09 10:51:18'),
(1289, 35, 12, 'enrolled course', '2019-08-09 10:51:20'),
(1290, 35, 12, 'enrolled course', '2019-08-09 10:51:21'),
(1291, 35, 2, 'logined out', '2019-08-09 10:51:27'),
(1292, 36, 1, 'succesfully logined', '2019-08-09 10:51:40'),
(1293, 36, 11, 'new course created', '2019-08-09 10:52:44'),
(1294, 36, 2, 'logined out', '2019-08-09 10:53:52'),
(1295, 37, 1, 'succesfully logined', '2019-08-09 10:53:58'),
(1296, 37, 2, 'logined out', '2019-08-09 10:54:10'),
(1297, 40, 1, 'succesfully logined', '2019-08-09 10:54:21'),
(1298, 1, 1, 'succesfully logined', '2019-08-09 11:36:19'),
(1299, 1, 10, 'add drop ended', '2019-08-09 11:39:26'),
(1300, 1, 9, 'add drop started', '2019-08-09 11:39:27'),
(1301, 1, 10, 'add drop ended', '2019-08-09 11:39:37'),
(1302, 1, 9, 'add drop started', '2019-08-09 11:39:43'),
(1303, 1, 12, 'enrolled course', '2019-08-09 11:40:54'),
(1304, 1, 13, 'derolled course', '2019-08-09 11:40:56'),
(1305, 1, 2, 'logined out', '2019-08-09 11:41:09'),
(1306, 36, 1, 'succesfully logined', '2019-08-09 11:41:11'),
(1307, 36, 2, 'logined out', '2019-08-09 11:42:02'),
(1308, 27, 1, 'succesfully logined', '2019-08-09 11:42:09'),
(1309, 27, 2, 'logined out', '2019-08-09 11:42:34'),
(1310, 1, 1, 'succesfully logined', '2019-08-09 11:42:36'),
(1311, 1, 2, 'logined out', '2019-08-09 11:43:50'),
(1312, 37, 1, 'succesfully logined', '2019-08-09 11:43:54'),
(1313, 37, 2, 'logined out', '2019-08-09 11:44:33'),
(1314, 1, 4, 'password changed', '2019-08-09 11:44:47'),
(1315, 1, 1, 'succesfully logined', '2019-08-09 13:38:48'),
(1316, 1, 1, 'succesfully logined', '2019-08-09 13:44:51'),
(1317, 1, 1, 'succesfully logined', '2019-08-09 13:52:59'),
(1318, 1, 1, 'succesfully logined', '2019-08-09 14:02:12'),
(1319, 1, 1, 'succesfully logined', '2019-08-09 14:04:22'),
(1320, 1, 1, 'succesfully logined', '2019-08-09 14:04:52'),
(1321, 9, 5, 'user made passive', '2019-08-09 14:05:14'),
(1322, 9, 6, 'user made active', '2019-08-09 14:05:16'),
(1323, 6, 6, 'user made active', '2019-08-09 14:10:23'),
(1324, 1, 1, 'succesfully logined', '2019-08-09 14:12:40'),
(1325, 1, 1, 'succesfully logined', '2019-08-09 14:23:48'),
(1326, 1, 1, 'succesfully logined', '2019-08-09 15:24:23'),
(1327, 1, 2, 'logined out', '2019-08-09 15:30:29'),
(1328, 22, 1, 'succesfully logined', '2019-08-09 15:30:35'),
(1329, 22, 1, 'succesfully logined', '2019-08-09 15:56:30'),
(1330, 22, 11, 'new course created', '2019-08-09 15:58:54'),
(1331, 22, 2, 'logined out', '2019-08-09 16:00:06'),
(1332, 23, 1, 'succesfully logined', '2019-08-09 16:00:09'),
(1333, 23, 2, 'logined out', '2019-08-09 16:00:32'),
(1334, 26, 1, 'succesfully logined', '2019-08-09 16:00:34'),
(1335, 22, 1, 'succesfully logined', '2019-08-09 16:09:20'),
(1336, 1, 1, 'succesfully logined', '2019-08-09 18:01:44'),
(1337, 1, 1, 'succesfully logined', '2019-08-15 09:26:50'),
(1338, 1, 2, 'logined out', '2019-08-15 09:27:57'),
(1339, 34, 1, 'succesfully logined', '2019-08-15 09:29:40'),
(1340, 34, 2, 'logined out', '2019-08-15 09:29:50'),
(1341, 35, 1, 'succesfully logined', '2019-08-15 09:29:52'),
(1342, 35, 2, 'logined out', '2019-08-15 09:32:49'),
(1343, 36, 1, 'succesfully logined', '2019-08-15 09:33:01'),
(1344, 36, 2, 'logined out', '2019-08-15 09:35:02'),
(1345, 37, 1, 'succesfully logined', '2019-08-15 09:35:07'),
(1346, 37, 2, 'logined out', '2019-08-15 09:36:50'),
(1347, 40, 1, 'succesfully logined', '2019-08-15 09:36:53'),
(1348, 40, 2, 'logined out', '2019-08-15 09:37:07'),
(1349, 41, 1, 'succesfully logined', '2019-08-15 09:37:11'),
(1350, 41, 2, 'logined out', '2019-08-15 09:37:24'),
(1351, 1, 1, 'succesfully logined', '2019-08-15 09:37:29'),
(1352, 1, 2, 'logined out', '2019-08-15 09:47:00'),
(1353, 23, 1, 'succesfully logined', '2019-08-15 09:47:07'),
(1354, 23, 2, 'logined out', '2019-08-15 10:03:44'),
(1355, 1, 1, 'succesfully logined', '2019-08-15 10:05:58'),
(1356, 1, 2, 'logined out', '2019-08-15 10:08:17'),
(1357, 36, 1, 'succesfully logined', '2019-08-15 10:08:20'),
(1358, 1, 1, 'succesfully logined', '2019-08-15 11:07:00'),
(1359, 1, 1, 'succesfully logined', '2019-08-15 15:10:28'),
(1360, 1, 2, 'logined out', '2019-08-15 15:40:01'),
(1361, 1, 1, 'succesfully logined', '2019-08-15 15:40:03'),
(1362, 1, 2, 'logined out', '2019-08-15 15:40:38'),
(1363, 34, 1, 'succesfully logined', '2019-08-15 15:40:45'),
(1364, 34, 2, 'logined out', '2019-08-15 15:40:55'),
(1365, 36, 1, 'succesfully logined', '2019-08-15 15:41:15'),
(1366, 36, 12, 'enrolled course', '2019-08-15 15:42:18'),
(1367, 36, 2, 'logined out', '2019-08-15 15:42:48'),
(1368, 1, 1, 'succesfully logined', '2019-08-15 15:42:54'),
(1369, 1, 10, 'add drop ended', '2019-08-15 15:43:39'),
(1370, 1, 9, 'add drop started', '2019-08-15 15:43:39'),
(1371, 1, 1, 'succesfully logined', '2019-08-15 12:54:01'),
(1372, 1, 1, 'succesfully logined', '2019-08-15 12:55:42'),
(1373, 1, 2, 'logined out', '2019-08-15 13:09:07'),
(1374, 23, 1, 'succesfully logined', '2019-08-15 13:09:10'),
(1375, 1, 1, 'succesfully logined', '2019-08-15 13:11:14'),
(1376, 1, 2, 'logined out', '2019-08-15 13:11:18'),
(1377, 23, 1, 'succesfully logined', '2019-08-15 13:11:21'),
(1378, 1, 1, 'succesfully logined', '2019-08-15 14:28:41'),
(1379, 1, 1, 'succesfully logined', '2019-08-15 14:35:51'),
(1380, 1, 10, 'add drop ended', '2019-08-15 14:36:38'),
(1381, 1, 9, 'add drop started', '2019-08-15 14:36:39'),
(1382, 1, 2, 'logined out', '2019-08-15 14:48:53'),
(1383, 23, 1, 'succesfully logined', '2019-08-15 14:48:55'),
(1384, 23, 2, 'logined out', '2019-08-15 14:50:47'),
(1385, 35, 1, 'succesfully logined', '2019-08-15 14:50:51'),
(1386, 35, 2, 'logined out', '2019-08-15 14:51:39'),
(1387, 1, 1, 'succesfully logined', '2019-08-15 14:51:42');

-- --------------------------------------------------------

--
-- Tablo için tablo yapısı `runtime_properties`
--

CREATE TABLE `runtime_properties` (
  `RUN_TIME_ID` int(11) NOT NULL,
  `CURRENT_TERM` int(11) DEFAULT NULL,
  `IS_OPEN_ADD_DROP` tinyint(1) NOT NULL
) ENGINE=InnoDB DEFAULT CHARSET=latin1;

--
-- Tablo döküm verisi `runtime_properties`
--

INSERT INTO `runtime_properties` (`RUN_TIME_ID`, `CURRENT_TERM`, `IS_OPEN_ADD_DROP`) VALUES
(1, 13, 1);

-- --------------------------------------------------------

--
-- Tablo için tablo yapısı `terms`
--

CREATE TABLE `terms` (
  `TERM_ID` int(11) NOT NULL,
  `START_DATE` datetime NOT NULL,
  `END_DATE` datetime DEFAULT NULL,
  `TERM_NAME` varchar(25) NOT NULL,
  `STATUS` int(11) NOT NULL
) ENGINE=InnoDB DEFAULT CHARSET=latin1;

--
-- Tablo döküm verisi `terms`
--

INSERT INTO `terms` (`TERM_ID`, `START_DATE`, `END_DATE`, `TERM_NAME`, `STATUS`) VALUES
(1, '2019-07-03 00:00:00', NULL, '2019YAZ', 1),
(2, '2018-12-01 00:00:00', '2019-01-01 00:00:00', '2018KIS', 0),
(3, '2019-07-18 12:15:41', '2019-07-18 12:20:36', '2020GUZ', 0),
(4, '2019-07-18 12:27:19', '2019-07-18 12:27:23', '2021YAZ', 0),
(5, '2019-07-18 13:47:14', '2019-07-18 13:56:25', 'TEST', 0),
(6, '2019-07-18 14:06:16', '2019-07-18 14:09:15', 'TEST2', 0),
(7, '2019-07-18 14:09:25', '2019-07-18 14:09:55', 'TEST3', 0),
(8, '2019-07-18 14:10:31', '2019-07-18 18:20:39', '2021GUZ', 0),
(9, '2019-07-18 18:20:48', '2019-07-18 18:20:55', '2021BAHAR', 0),
(10, '2019-07-18 18:21:04', '2019-07-19 09:28:58', '2021YAZ', 0),
(11, '2019-07-19 09:29:07', '2019-07-25 09:50:14', 'YAZ2022', 0),
(12, '2019-07-25 09:50:22', '2019-08-08 17:27:44', 'TESTTERM', 0),
(13, '2019-08-08 17:28:02', NULL, '2019SPRING', 1);

-- --------------------------------------------------------

--
-- Tablo için tablo yapısı `users`
--

CREATE TABLE `users` (
  `USER_ID` int(11) NOT NULL,
  `TCKN` varchar(25) NOT NULL,
  `NAME` varchar(25) NOT NULL,
  `SURNAME` varchar(25) NOT NULL,
  `PASSWORD` varchar(255) NOT NULL,
  `EMAIL` varchar(45) NOT NULL,
  `STATUS` tinyint(1) NOT NULL,
  `TYPE` int(11) NOT NULL
) ENGINE=InnoDB DEFAULT CHARSET=latin1;

--
-- Tablo döküm verisi `users`
--

INSERT INTO `users` (`USER_ID`, `TCKN`, `NAME`, `SURNAME`, `PASSWORD`, `EMAIL`, `STATUS`, `TYPE`) VALUES
(1, '11111111111', 'AYBERK', 'USLU', 'a665a45920422f9d417e4867efdc4fb8a04a1f3fff1fa07e998e86f7f7a27ae3', 'ayberkuslu@gmail.com', 1, 0),
(2, '111111112', 'admin', 'admin', 'e3b0c44298fc1c149afbf4c8996fb92427ae41e4649b934ca495991b7852b855', 'admin@gmail.com', 1, 0),
(3, '123', '123', '123', 'a665a45920422f9d417e4867efdc4fb8a04a1f3fff1fa07e998e86f7f7a27ae3', '123', 0, 0),
(4, '111111', 'denemeOgrenci', 'denemeOgrSoy', 'a665a45920422f9d417e4867efdc4fb8a04a1f3fff1fa07e998e86f7f7a27ae3', 'email', 1, 1),
(6, '1111', 'test2', 'test2', 'a665a45920422f9d417e4867efdc4fb8a04a1f3fff1fa07e998e86f7f7a27ae3', 'test2', 1, 1),
(7, '11111', 'teacher', 'teacher', 'a665a45920422f9d417e4867efdc4fb8a04a1f3fff1fa07e998e86f7f7a27ae3', 'teacher', 1, 2),
(9, '111211', 'student', 'student', 'a665a45920422f9d417e4867efdc4fb8a04a1f3fff1fa07e998e86f7f7a27ae3', 'student', 1, 1),
(11, '121111', 'testOgrenci2', 'test', 'a665a45920422f9d417e4867efdc4fb8a04a1f3fff1fa07e998e86f7f7a27ae3', 'test', 1, 1),
(12, '11122115465', 'testTeacher2', 'testTeacher2', 'a665a45920422f9d417e4867efdc4fb8a04a1f3fff1fa07e998e86f7f7a27ae3', 'testTeacher2', 1, 2),
(22, '20140660789', 'HAKKI', 'DOGANER', 'a665a45920422f9d417e4867efdc4fb8a04a1f3fff1fa07e998e86f7f7a27ae3', 'hakkidoganer@gmail.com', 1, 2),
(23, '33746237468', 'BASAK', 'YILDIRIM', 'a665a45920422f9d417e4867efdc4fb8a04a1f3fff1fa07e998e86f7f7a27ae3', 'basakyildirim@gmail.com', 1, 1),
(24, '10360478065', 'CETIN', 'MUTLU', 'a665a45920422f9d417e4867efdc4fb8a04a1f3fff1fa07e998e86f7f7a27ae3', 'a@gmail.com', 1, 1),
(25, '21003578501', 'ALI', 'AYDIN', 'a665a45920422f9d417e4867efdc4fb8a04a1f3fff1fa07e998e86f7f7a27ae3', 'ali@gmail.com', 1, 1),
(26, '12475469824', 'MEHMET', 'TEKIR', 'a665a45920422f9d417e4867efdc4fb8a04a1f3fff1fa07e998e86f7f7a27ae3', 'mehmet@gmail.com', 1, 2),
(27, '75314732385', 'ERHAN', 'KALEM', 'a665a45920422f9d417e4867efdc4fb8a04a1f3fff1fa07e998e86f7f7a27ae3', 'kalem@gmaik.com', 1, 1),
(28, '75178732451', 'HAKAN', 'TAS', 'a665a45920422f9d417e4867efdc4fb8a04a1f3fff1fa07e998e86f7f7a27ae3', 'hakan@gmail.com', 1, 1),
(34, '75314732451', 'YESIL', 'MAVI', 'a665a45920422f9d417e4867efdc4fb8a04a1f3fff1fa07e998e86f7f7a27ae3', 'yesikl@gmail.com', 1, 1),
(35, '12345678901', 'MUSTAFA', 'USLU', 'a665a45920422f9d417e4867efdc4fb8a04a1f3fff1fa07e998e86f7f7a27ae3', 'uslu@gmail.com', 1, 1),
(36, '12131321321', 'MAHMUT', 'SEZIN', 'a665a45920422f9d417e4867efdc4fb8a04a1f3fff1fa07e998e86f7f7a27ae3', 'mahmut@gmail.com', 1, 2),
(37, '12121212121', 'OSMAN', 'TEK', 'a665a45920422f9d417e4867efdc4fb8a04a1f3fff1fa07e998e86f7f7a27ae3', 'osman@gmail.com', 1, 2),
(40, '12233213212', 'KEREM', 'TUNC', 'a665a45920422f9d417e4867efdc4fb8a04a1f3fff1fa07e998e86f7f7a27ae3', 'kerem@gmail.com', 1, 1),
(41, '12313212332', 'HAKKI', 'MUTLU', 'a665a45920422f9d417e4867efdc4fb8a04a1f3fff1fa07e998e86f7f7a27ae3', 'hakki@gmail.com', 1, 2),
(42, '12322345656', 'MUSTAFA', 'KEMAL', 'a665a45920422f9d417e4867efdc4fb8a04a1f3fff1fa07e998e86f7f7a27ae3', 'mustafakemal@gmail.com', 1, 1);

-- --------------------------------------------------------

--
-- Tablo için tablo yapısı `user_details`
--

CREATE TABLE `user_details` (
  `DETAIL_ID` int(11) NOT NULL,
  `USER_ID` int(11) NOT NULL,
  `PHONE` varchar(25) NOT NULL,
  `ADRESS` text,
  `BIRTHDAY` date DEFAULT NULL,
  `GENDER` varchar(25) NOT NULL,
  `CURRENT_GPA` double DEFAULT NULL,
  `GRADUATE` varchar(40) DEFAULT NULL,
  `MASTER` varchar(40) DEFAULT NULL,
  `EMERGENCY_PHONE` varchar(25) DEFAULT NULL,
  `SECRET_QUESTION` varchar(55) NOT NULL,
  `SECRET_ANSWER` varchar(255) NOT NULL,
  `REGISTER_DATE` datetime NOT NULL
) ENGINE=InnoDB DEFAULT CHARSET=latin1;

--
-- Tablo döküm verisi `user_details`
--

INSERT INTO `user_details` (`DETAIL_ID`, `USER_ID`, `PHONE`, `ADRESS`, `BIRTHDAY`, `GENDER`, `CURRENT_GPA`, `GRADUATE`, `MASTER`, `EMERGENCY_PHONE`, `SECRET_QUESTION`, `SECRET_ANSWER`, `REGISTER_DATE`) VALUES
(1, 1, '5549060502', 'Bu bir adres.', '2019-06-01', 'MALE', 4, NULL, NULL, NULL, 'Türkiyenin baskenti?', '569b96c4f396e9feba7a56c0bd0fc8837064d0ebd85436703933f390cf93ed2b', '2019-06-12 10:15:09'),
(2, 2, '000000', 'Adres2.', '2019-06-05', 'FEMALE', 4, NULL, NULL, NULL, '4+5?', '19581e27de7ced00ff1ce50b2047e7a567c76b1cbaebabe5ef03f7c3017bb5b7', '0000-00-00 00:00:00'),
(3, 3, '123', '123', '2019-06-10', 'MALE', NULL, '123', '123', '213', '1+1', 'd4735e3a265e16eee03f59718b9b5d03019c07d8b6c51f90da3a666eec13ab35', '2019-06-26 11:39:16'),
(4, 4, '555555', 'adres', '2019-06-04', 'MALE', NULL, 'lisans', 'yukseklisans', '5555555', '1+1', 'd4735e3a265e16eee03f59718b9b5d03019c07d8b6c51f90da3a666eec13ab35', '2019-06-28 16:49:25'),
(5, 6, '555', 'adres', '2019-07-01', 'MALE', NULL, 'lisans', 'yuksek lisans', '555', '1+1', 'd4735e3a265e16eee03f59718b9b5d03019c07d8b6c51f90da3a666eec13ab35', '2019-07-02 15:55:02'),
(6, 7, '5555', 'adres', '2019-07-01', 'FEMALE', NULL, 'lisans', 'yuksek lisans', '5555', '1+1', 'd4735e3a265e16eee03f59718b9b5d03019c07d8b6c51f90da3a666eec13ab35', '2019-07-03 10:41:59'),
(7, 9, '5555', 'adres', '2019-07-01', 'MALE', NULL, '', '', '5555', '1+1', 'd4735e3a265e16eee03f59718b9b5d03019c07d8b6c51f90da3a666eec13ab35', '2019-07-03 10:44:56'),
(8, 11, '555', 'adres', '2019-07-02', 'FEMALE', NULL, '', '', '555', '1+1', 'd4735e3a265e16eee03f59718b9b5d03019c07d8b6c51f90da3a666eec13ab35', '2019-07-04 14:24:06'),
(9, 12, '5555', 'adres', '2019-07-01', 'MALE', NULL, '', '', '5555', '1+1', 'd4735e3a265e16eee03f59718b9b5d03019c07d8b6c51f90da3a666eec13ab35', '2019-07-04 17:49:15'),
(17, 22, '555414514', 'ANKARA', '2019-06-01', 'MALE', NULL, 'TOBB', '', '55544455', '1+1', 'd4735e3a265e16eee03f59718b9b5d03019c07d8b6c51f90da3a666eec13ab35', '2019-07-11 17:46:14'),
(18, 23, '555555', 'ANKARA', '2019-02-06', 'FEMALE', NULL, 'TOBB', '', '555555', '1+1', 'd4735e3a265e16eee03f59718b9b5d03019c07d8b6c51f90da3a666eec13ab35', '2019-07-12 10:07:09'),
(19, 24, '444', 'ASDASD', '2019-07-01', 'MALE', NULL, '', '', '444', '1+1', 'd4735e3a265e16eee03f59718b9b5d03019c07d8b6c51f90da3a666eec13ab35', '2019-07-19 09:28:07'),
(20, 25, '5555', 'ADRES', '2019-07-02', 'MALE', NULL, 'LISANS', 'YUKSEK LISANS', '555', '1+1', 'd4735e3a265e16eee03f59718b9b5d03019c07d8b6c51f90da3a666eec13ab35', '2019-07-29 12:05:43'),
(21, 26, '5555', 'ADRESS', '2019-07-01', 'FEMALE', NULL, 'GRADUATE', 'MASTER', '5555', '1+1', 'd4735e3a265e16eee03f59718b9b5d03019c07d8b6c51f90da3a666eec13ab35', '2019-07-29 12:11:49'),
(22, 27, '55555', 'ADRESS', '2019-07-01', 'MALE', NULL, 'GRADUATE', 'MASTER', '855', '1+1', 'd4735e3a265e16eee03f59718b9b5d03019c07d8b6c51f90da3a666eec13ab35', '2019-07-29 13:59:36'),
(23, 28, '555', 'ADRES', '2019-07-01', 'MALE', NULL, 'GRAD', 'MAST', '55', '1+1', 'd4735e3a265e16eee03f59718b9b5d03019c07d8b6c51f90da3a666eec13ab35', '2019-07-29 16:14:51'),
(26, 34, '55', 'ADRES', '2019-07-02', 'MALE', NULL, 'GRAD', 'MAS', '555', '1+1', 'd4735e3a265e16eee03f59718b9b5d03019c07d8b6c51f90da3a666eec13ab35', '2019-07-29 16:19:05'),
(27, 35, '5555555', 'ANKARA', '2019-07-04', 'MALE', NULL, '', '', '55555', '1+1', 'd4735e3a265e16eee03f59718b9b5d03019c07d8b6c51f90da3a666eec13ab35', '2019-08-06 11:02:08'),
(28, 36, '(555)555-55-55', 'ANKARA', '2019-08-01', 'MALE', NULL, 'TOBB ETU', '', '5555555555', '1+1', 'd4735e3a265e16eee03f59718b9b5d03019c07d8b6c51f90da3a666eec13ab35', '2019-08-08 17:41:44'),
(29, 37, '(545)555-55-55', 'ANKARA', '2019-08-02', 'MALE', NULL, '', '', '555555555', '1+1', 'd4735e3a265e16eee03f59718b9b5d03019c07d8b6c51f90da3a666eec13ab35', '2019-08-08 17:42:48'),
(31, 40, '(555)555-55-55', 'ANKARA', '2019-08-02', 'MALE', NULL, '', '', '', '1+1', 'd4735e3a265e16eee03f59718b9b5d03019c07d8b6c51f90da3a666eec13ab35', '2019-08-08 17:45:29'),
(32, 41, '(555)555-55-55', 'ANKARA', '2019-08-02', 'MALE', NULL, '', '', '5555555', '1+1', 'd4735e3a265e16eee03f59718b9b5d03019c07d8b6c51f90da3a666eec13ab35', '2019-08-08 17:46:15'),
(33, 42, '', 'ANKARA', '2019-08-01', 'MALE', NULL, '', '', '555555555', '1+1', 'd4735e3a265e16eee03f59718b9b5d03019c07d8b6c51f90da3a666eec13ab35', '2019-08-09 09:10:51');

--
-- Dökümü yapılmış tablolar için indeksler
--

--
-- Tablo için indeksler `classes`
--
ALTER TABLE `classes`
  ADD PRIMARY KEY (`CLASSES_ID`),
  ADD KEY `LECTURER` (`USER_ID`),
  ADD KEY `COURSE` (`COURSE_ID`);

--
-- Tablo için indeksler `courses`
--
ALTER TABLE `courses`
  ADD PRIMARY KEY (`COURSE_ID`),
  ADD KEY `userid` (`USER_ID`),
  ADD KEY `TERM_ID` (`TERM_ID`);

--
-- Tablo için indeksler `logs`
--
ALTER TABLE `logs`
  ADD PRIMARY KEY (`LOG_ID`),
  ADD KEY `AS` (`USER_ID`);

--
-- Tablo için indeksler `runtime_properties`
--
ALTER TABLE `runtime_properties`
  ADD PRIMARY KEY (`RUN_TIME_ID`),
  ADD KEY `TERM` (`CURRENT_TERM`);

--
-- Tablo için indeksler `terms`
--
ALTER TABLE `terms`
  ADD PRIMARY KEY (`TERM_ID`);

--
-- Tablo için indeksler `users`
--
ALTER TABLE `users`
  ADD PRIMARY KEY (`USER_ID`),
  ADD UNIQUE KEY `TCNO` (`TCKN`);

--
-- Tablo için indeksler `user_details`
--
ALTER TABLE `user_details`
  ADD PRIMARY KEY (`DETAIL_ID`),
  ADD KEY `USER_ID` (`USER_ID`);

--
-- Dökümü yapılmış tablolar için AUTO_INCREMENT değeri
--

--
-- Tablo için AUTO_INCREMENT değeri `classes`
--
ALTER TABLE `classes`
  MODIFY `CLASSES_ID` int(11) NOT NULL AUTO_INCREMENT, AUTO_INCREMENT=127;

--
-- Tablo için AUTO_INCREMENT değeri `courses`
--
ALTER TABLE `courses`
  MODIFY `COURSE_ID` int(11) NOT NULL AUTO_INCREMENT, AUTO_INCREMENT=31;

--
-- Tablo için AUTO_INCREMENT değeri `logs`
--
ALTER TABLE `logs`
  MODIFY `LOG_ID` int(11) NOT NULL AUTO_INCREMENT, AUTO_INCREMENT=1388;

--
-- Tablo için AUTO_INCREMENT değeri `runtime_properties`
--
ALTER TABLE `runtime_properties`
  MODIFY `RUN_TIME_ID` int(11) NOT NULL AUTO_INCREMENT, AUTO_INCREMENT=2;

--
-- Tablo için AUTO_INCREMENT değeri `terms`
--
ALTER TABLE `terms`
  MODIFY `TERM_ID` int(11) NOT NULL AUTO_INCREMENT, AUTO_INCREMENT=14;

--
-- Tablo için AUTO_INCREMENT değeri `users`
--
ALTER TABLE `users`
  MODIFY `USER_ID` int(11) NOT NULL AUTO_INCREMENT, AUTO_INCREMENT=43;

--
-- Tablo için AUTO_INCREMENT değeri `user_details`
--
ALTER TABLE `user_details`
  MODIFY `DETAIL_ID` int(11) NOT NULL AUTO_INCREMENT, AUTO_INCREMENT=34;

--
-- Dökümü yapılmış tablolar için kısıtlamalar
--

--
-- Tablo kısıtlamaları `classes`
--
ALTER TABLE `classes`
  ADD CONSTRAINT `COURSE` FOREIGN KEY (`COURSE_ID`) REFERENCES `courses` (`COURSE_ID`),
  ADD CONSTRAINT `LECTURER` FOREIGN KEY (`USER_ID`) REFERENCES `users` (`USER_ID`);

--
-- Tablo kısıtlamaları `courses`
--
ALTER TABLE `courses`
  ADD CONSTRAINT `TERM_ID` FOREIGN KEY (`TERM_ID`) REFERENCES `terms` (`TERM_ID`),
  ADD CONSTRAINT `userid` FOREIGN KEY (`USER_ID`) REFERENCES `users` (`USER_ID`);

--
-- Tablo kısıtlamaları `logs`
--
ALTER TABLE `logs`
  ADD CONSTRAINT `AS` FOREIGN KEY (`USER_ID`) REFERENCES `users` (`USER_ID`);

--
-- Tablo kısıtlamaları `runtime_properties`
--
ALTER TABLE `runtime_properties`
  ADD CONSTRAINT `TERM` FOREIGN KEY (`CURRENT_TERM`) REFERENCES `terms` (`TERM_ID`);

--
-- Tablo kısıtlamaları `user_details`
--
ALTER TABLE `user_details`
  ADD CONSTRAINT `USER_ID` FOREIGN KEY (`USER_ID`) REFERENCES `users` (`USER_ID`);
COMMIT;

/*!40101 SET CHARACTER_SET_CLIENT=@OLD_CHARACTER_SET_CLIENT */;
/*!40101 SET CHARACTER_SET_RESULTS=@OLD_CHARACTER_SET_RESULTS */;
/*!40101 SET COLLATION_CONNECTION=@OLD_COLLATION_CONNECTION */;
